temperature,humidity,rainfall,crop,suitable
31.9,54.78,66.95,sorghum,1
23.52,46.32,61.53,cotton,1
31.53,35.01,31.51,millet,1
22.44,68.93,82.75,soybean,1
40.32,29.86,12.92,sunflower,0
25.64,50.78,87.74,cotton,1
41.88,27.68,0.87,millet,0
23.7,60.61,130.09,maize,1
22.55,45.72,54.98,sunflower,1
7.57,78.7,152.79,groundnut,0
25.44,43.48,64.88,millet,1
13.2,31.53,259.15,cotton,0
7.9,64.15,186.21,cotton,0
41.52,26.37,249.48,sunflower,0
38.25,37.16,10.71,sunflower,0
43.22,25.83,29.47,sunflower,0
10.61,99.35,259.06,sugarcane,0
34.36,34.45,0.0,mustard,0
23.69,53.21,60.32,cotton,1
48.22,23.07,28.58,sorghum,0
12.63,53.85,306.76,groundnut,0
19.59,84.6,192.52,tomato,0
19.32,57.46,60.52,onion,1
20.88,77.01,185.83,sugarcane,1
36.42,33.54,1.37,wheat,0
26.87,60.29,80.72,soybean,1
52.95,69.26,146.36,sugarcane,0
27.91,60.42,81.32,soybean,1
32.57,88.88,213.59,wheat,0
25.91,61.06,78.46,soybean,1
4.24,68.05,151.24,wheat,0
10.79,34.06,252.82,mango,0
18.11,96.8,267.57,banana,0
31.16,37.75,40.28,millet,1
46.41,52.38,45.43,banana,0
23.8,59.88,135.5,maize,1
44.72,47.0,130.06,potato,0
0.54,57.01,111.89,mustard,0
44.4,54.69,32.64,rice,0
25.41,57.83,131.39,maize,1
8.05,74.99,131.34,cotton,0
29.69,45.46,72.58,cotton,1
6.16,99.26,155.31,potato,0
10.57,81.41,87.51,cotton,0
8.41,81.93,165.55,soybean,0
17.75,66.81,77.26,potato,1
25.07,60.04,138.55,maize,1
22.22,30.64,338.45,onion,0
31.21,31.32,0.0,mustard,0
22.73,61.75,39.5,onion,1
38.36,23.99,48.2,cotton,0
29.9,45.73,56.59,sunflower,1
8.95,88.96,180.77,sunflower,0
43.76,89.97,27.11,banana,0
40.23,45.17,10.9,maize,0
24.87,84.66,205.36,sugarcane,1
14.21,69.91,83.66,sorghum,0
34.49,83.91,183.96,banana,1
26.55,60.14,101.03,mango,1
22.33,77.95,173.64,wheat,0
20.65,69.49,42.07,tomato,1
46.01,30.96,2.92,sorghum,0
47.12,63.55,102.03,rice,0
41.41,27.4,1.97,cotton,0
43.22,40.93,149.62,mustard,0
24.75,60.18,117.74,mango,1
18.52,64.27,45.45,onion,1
31.97,59.65,22.11,potato,0
33.08,43.84,39.31,millet,1
9.66,72.49,151.07,groundnut,0
35.02,84.59,13.37,soybean,0
42.83,50.97,93.91,rice,0
16.88,82.73,125.51,groundnut,0
20.21,50.08,65.52,sunflower,1
44.92,56.91,80.05,sugarcane,0
23.9,72.31,312.44,millet,0
26.95,55.46,133.93,maize,1
44.76,56.27,207.81,tomato,0
29.55,53.07,74.27,sorghum,1
43.53,37.39,34.29,groundnut,0
4.59,74.92,164.82,onion,0
36.77,27.26,270.69,soybean,0
18.17,46.07,40.21,wheat,1
14.99,71.23,150.85,cotton,0
24.24,60.24,117.35,maize,1
41.64,53.32,36.83,banana,0
16.99,69.28,96.56,potato,1
35.49,26.23,22.82,sunflower,0
29.86,50.98,83.58,sorghum,1
11.51,100.34,273.33,rice,0
39.9,43.12,2.08,groundnut,0
37.62,34.67,28.86,sunflower,0
22.21,50.84,46.82,wheat,1
41.72,30.12,285.99,banana,0
41.29,30.84,74.99,maize,0
18.32,51.2,72.16,wheat,1
25.68,62.71,124.93,maize,1
41.85,98.32,11.88,onion,0
27.2,83.08,205.95,banana,1
45.97,38.68,19.98,cotton,0
19.48,63.92,118.3,maize,1
10.76,71.43,197.61,maize,0
34.2,92.88,224.78,cotton,0
32.1,79.29,191.02,sugarcane,1
29.94,79.54,206.8,banana,1
43.79,35.13,3.92,sunflower,0
42.97,54.46,25.01,soybean,0
5.38,81.78,198.06,maize,0
31.8,51.85,102.5,mustard,0
48.58,17.77,9.1,millet,0
22.8,59.57,133.43,maize,1
25.64,52.85,7.07,potato,0
46.78,37.3,19.51,sorghum,0
29.54,71.42,9.19,rice,0
42.87,34.97,18.15,sunflower,0
34.86,95.06,84.42,sunflower,0
34.74,83.66,187.56,sugarcane,1
24.75,61.55,118.25,maize,1
7.24,99.71,76.79,wheat,0
25.09,66.26,52.94,tomato,1
27.7,51.07,98.59,cotton,1
42.34,26.4,225.05,onion,0
26.04,77.64,200.48,banana,1
41.81,17.1,3.8,millet,0
25.33,44.97,12.4,potato,0
25.36,35.25,69.86,millet,1
10.69,38.13,43.87,millet,0
27.86,64.48,93.44,mango,1
36.07,22.74,0.0,mustard,0
17.03,40.63,47.5,mustard,1
15.24,67.53,67.88,potato,1
19.68,45.15,97.54,rice,0
22.69,45.25,29.53,mustard,1
28.29,79.31,180.23,banana,1
20.24,66.32,97.52,soybean,1
25.71,57.34,19.85,potato,0
46.28,16.27,0.82,millet,0
20.72,59.18,36.81,onion,1
41.13,49.27,35.28,soybean,0
27.56,82.97,193.31,banana,1
34.25,80.13,196.45,banana,1
30.12,80.17,203.59,banana,1
19.08,69.48,195.54,cotton,0
26.55,62.99,119.11,mango,1
28.56,38.32,37.93,millet,1
33.09,47.69,88.54,sorghum,1
20.78,45.45,53.78,wheat,1
20.92,44.65,345.46,sorghum,0
15.94,94.33,245.91,banana,0
44.7,36.12,28.34,soybean,0
21.24,50.99,87.87,cotton,1
24.57,58.27,88.1,groundnut,1
28.7,61.14,105.42,soybean,1
29.75,54.64,76.6,groundnut,1
32.48,33.64,332.38,soybean,0
32.03,49.22,59.13,sorghum,1
47.0,57.86,29.44,banana,0
5.15,84.93,145.69,onion,0
18.73,51.18,66.67,wheat,1
31.86,72.26,200.9,rice,1
44.79,57.97,98.2,banana,0
37.47,77.75,211.75,sugarcane,1
24.02,72.11,217.72,rice,1
12.13,69.24,149.38,millet,0
28.61,53.5,67.85,sunflower,1
25.97,38.1,55.78,millet,1
21.69,68.43,49.97,tomato,1
15.36,65.23,66.48,potato,1
23.92,81.07,195.91,sugarcane,1
40.9,54.46,4.89,tomato,0
-2.15,65.75,141.23,mustard,0
4.48,76.72,198.07,maize,0
32.92,75.5,182.02,rice,1
4.95,89.22,103.32,onion,0
18.15,63.68,120.99,maize,1
29.38,83.81,212.48,banana,1
51.64,56.71,156.45,sugarcane,0
22.53,41.63,28.4,mustard,1
33.76,53.59,58.37,sorghum,1
40.66,47.19,6.58,tomato,0
17.03,68.74,88.75,potato,1
15.63,73.45,65.66,potato,1
23.77,45.09,62.72,wheat,1
12.44,54.22,27.39,mango,0
10.99,48.27,132.67,sunflower,0
20.66,46.46,118.08,potato,0
29.19,54.4,94.28,groundnut,1
26.33,42.91,55.29,millet,1
26.25,79.09,181.47,banana,1
27.81,55.79,117.77,maize,1
28.01,27.21,151.18,maize,0
16.37,77.9,142.6,groundnut,0
22.66,53.84,40.63,wheat,1
8.05,83.15,202.71,maize,0
43.87,28.93,62.59,soybean,0
29.16,47.64,69.95,sorghum,1
38.89,23.76,19.98,sunflower,0
12.38,53.0,92.22,millet,0
25.44,52.52,63.63,groundnut,1
31.09,75.17,215.81,sugarcane,1
1.27,55.5,85.42,mustard,0
32.33,40.04,47.03,millet,1
15.32,68.99,97.01,potato,1
21.75,62.84,303.41,wheat,0
15.79,68.28,68.72,potato,1
24.58,57.22,72.0,groundnut,1
12.92,37.34,141.75,sunflower,0
9.49,74.32,166.2,mango,0
27.02,64.79,83.79,mango,1
26.48,73.22,190.01,rice,1
10.59,77.17,131.2,cotton,0
27.95,57.17,71.29,groundnut,1
14.86,60.15,54.72,onion,1
24.83,65.55,99.59,soybean,1
28.74,71.48,185.1,rice,1
6.9,87.44,307.84,rice,0
20.18,46.6,20.59,mustard,1
20.2,67.43,91.67,soybean,1
18.17,48.49,77.35,wheat,1
15.63,46.02,74.88,wheat,1
27.65,63.23,118.87,maize,1
21.8,58.9,104.73,maize,1
22.65,30.86,258.31,sunflower,0
15.85,79.18,167.84,mango,0
26.11,82.7,205.52,banana,1
3.79,82.51,201.33,maize,0
27.28,61.64,83.45,mango,1
30.72,81.18,207.02,banana,1
21.95,74.62,337.16,millet,0
17.35,70.23,60.6,potato,1
10.05,104.33,257.21,rice,0
31.2,80.27,201.52,sugarcane,1
7.14,79.4,152.51,cotton,0
9.66,95.35,250.27,rice,0
17.41,65.59,74.06,potato,1
28.92,54.18,61.18,sunflower,1
42.54,30.13,7.83,groundnut,0
16.01,52.71,40.21,wheat,1
26.97,50.06,66.51,sunflower,1
27.61,61.14,127.38,maize,1
38.77,41.17,57.68,mango,0
24.8,72.23,73.02,tomato,1
30.32,63.87,113.81,rice,0
28.54,56.04,112.49,mango,1
41.64,47.21,26.02,maize,0
16.72,67.71,121.75,millet,0
31.17,45.02,69.06,sorghum,1
16.11,35.2,212.39,groundnut,0
41.37,34.33,301.03,mango,0
11.61,47.29,34.64,mustard,1
26.45,75.8,206.19,rice,1
44.91,35.88,20.78,groundnut,0
41.92,76.95,52.36,onion,0
32.87,49.22,57.82,sorghum,1
24.33,51.96,45.49,wheat,1
21.72,57.59,58.5,onion,1
29.16,48.03,55.0,sorghum,1
23.95,75.01,187.15,rice,1
25.96,77.21,206.3,sugarcane,1
33.35,82.08,189.5,sugarcane,1
27.46,48.93,53.33,sorghum,1
31.72,51.72,78.57,sorghum,1
40.47,66.89,256.88,sorghum,0
21.45,55.0,62.2,wheat,1
20.97,75.63,188.94,sugarcane,1
9.94,99.75,247.28,sorghum,0
25.62,78.06,197.95,sugarcane,1
41.0,20.32,0.84,sorghum,0
33.58,78.46,183.69,rice,1
6.26,71.25,303.16,onion,0
13.4,60.55,93.93,sugarcane,0
16.12,69.17,60.34,potato,1
26.78,52.12,83.14,sorghum,1
23.55,48.36,79.17,cotton,1
15.65,65.94,73.42,potato,1
12.77,78.9,194.46,soybean,0
25.25,59.93,78.13,groundnut,1
32.12,55.05,44.18,rice,0
32.86,81.27,186.71,banana,1
39.82,37.89,3.71,cotton,0
38.8,26.45,31.64,cotton,0
46.58,55.85,66.12,rice,0
32.36,76.6,216.4,banana,1
20.81,55.13,103.56,maize,1
27.69,82.27,207.26,sugarcane,1
25.13,55.48,104.32,maize,1
24.4,42.66,53.86,mustard,1
15.65,62.81,40.39,onion,1
33.41,42.6,41.6,millet,1
18.33,54.57,40.61,wheat,1
48.53,62.96,86.38,sugarcane,0
28.8,47.85,81.39,sorghum,1
20.5,81.21,336.91,maize,0
29.93,83.38,190.13,sugarcane,1
17.78,45.06,42.76,mustard,1
26.39,58.3,323.65,sunflower,0
26.93,64.45,108.3,soybean,1
19.85,20.35,51.57,banana,0
48.69,12.29,1.7,millet,0
30.8,41.13,66.14,millet,1
27.18,38.58,39.56,millet,1
28.14,74.16,188.27,rice,1
17.66,79.03,163.65,sorghum,0
32.57,48.96,84.8,sorghum,1
22.3,67.86,79.19,soybean,1
13.86,63.64,57.31,onion,1
17.8,54.89,67.22,wheat,1
20.63,60.19,62.66,onion,1
5.33,92.41,275.47,rice,0
22.15,52.89,42.96,wheat,1
37.0,59.62,320.55,groundnut,0
22.24,52.83,85.23,sunflower,1
28.29,52.87,87.36,groundnut,1
27.34,63.54,88.83,mango,1
30.91,24.96,7.11,wheat,0
11.54,83.51,152.8,soybean,0
17.71,66.01,84.56,potato,1
22.56,54.12,60.96,cotton,1
5.92,89.24,291.16,rice,0
45.71,48.75,106.91,rice,0
23.97,61.09,131.12,maize,1
42.81,25.33,231.13,maize,0
6.58,92.61,288.1,sugarcane,0
25.64,56.58,93.27,groundnut,1
28.52,83.42,180.7,banana,1
29.63,54.83,82.22,sorghum,1
27.61,63.92,101.51,mango,1
31.53,83.62,211.32,banana,1
33.2,80.0,186.71,sugarcane,1
13.42,98.13,309.17,sugarcane,0
11.53,109.05,317.43,sugarcane,0
26.9,60.79,122.81,maize,1
30.52,36.43,6.08,onion,0
23.25,46.72,60.89,sunflower,1
23.46,74.65,76.79,tomato,1
43.02,10.21,0.97,millet,0
26.42,53.74,98.49,cotton,1
19.75,56.77,137.6,millet,0
44.56,96.08,329.98,tomato,0
49.64,68.28,107.77,sugarcane,0
32.65,75.84,207.47,banana,1
27.83,69.29,100.1,soybean,1
29.98,53.24,68.77,cotton,1
23.37,46.05,80.86,sunflower,1
21.94,63.09,41.39,onion,1
29.69,47.02,55.91,sunflower,1
39.57,32.41,41.46,maize,0
34.17,84.1,210.94,sugarcane,1
7.75,76.88,51.17,mango,0
22.37,70.11,75.2,tomato,1
27.07,51.58,88.32,sunflower,1
23.96,42.03,56.63,mustard,1
26.12,78.2,185.55,sugarcane,1
17.97,51.14,43.39,wheat,1
18.94,69.34,52.19,tomato,1
33.5,52.83,68.16,sorghum,1
10.26,48.19,31.39,mustard,1
14.56,63.5,50.44,onion,1
22.01,61.28,57.02,onion,1
27.71,55.33,287.06,sugarcane,0
37.81,37.81,155.65,potato,0
25.52,54.61,94.54,groundnut,1
-1.28,63.5,93.8,mustard,0
12.73,77.14,180.5,mango,0
29.6,51.95,71.47,cotton,1
25.81,35.07,67.05,millet,1
0.05,70.68,158.45,wheat,0
26.91,54.75,71.31,sunflower,1
22.85,43.48,26.51,mustard,1
47.74,63.33,62.77,sugarcane,0
21.06,48.83,28.75,mustard,1
13.05,45.56,32.32,mustard,1
22.49,22.57,176.47,soybean,0
1.79,71.92,132.97,onion,0
11.79,95.08,143.81,tomato,0
15.16,65.4,95.8,potato,1
19.66,61.03,135.46,maize,1
20.13,49.94,209.84,sorghum,0
15.07,90.77,83.33,millet,0
28.33,64.06,84.47,mango,1
29.47,63.73,120.76,maize,1
9.89,58.5,104.58,maize,0
3.99,92.96,167.63,tomato,0
28.2,61.32,132.51,maize,1
2.11,89.98,166.86,onion,0
24.03,63.75,88.1,mango,1
19.83,56.2,62.35,onion,1
29.92,92.99,17.32,tomato,0
33.07,69.22,179.53,mustard,0
5.09,80.76,176.3,maize,0
14.02,57.03,47.93,onion,1
28.84,52.58,67.34,sunflower,1
6.83,88.63,155.0,tomato,0
37.99,20.67,0.4,wheat,0
9.09,60.82,161.61,cotton,0
19.7,103.19,251.2,banana,0
19.3,67.56,100.55,millet,0
33.41,79.76,199.39,banana,1
7.76,106.5,258.38,sugarcane,0
25.22,51.56,83.95,groundnut,1
7.52,102.03,317.15,rice,0
18.08,48.6,50.79,wheat,1
30.54,74.54,207.5,rice,1
7.97,102.71,255.8,sugarcane,0
11.67,80.63,174.91,maize,0
15.3,47.73,79.7,wheat,1
39.74,57.86,265.51,onion,0
31.32,49.1,59.31,sorghum,1
35.74,42.79,131.9,banana,0
32.91,70.11,208.83,rice,1
7.87,73.05,137.74,cotton,0
6.35,62.48,102.45,wheat,0
35.7,55.43,154.25,sugarcane,0
38.72,30.74,8.14,onion,0
29.35,37.89,61.89,millet,1
36.3,35.35,236.88,mango,0
38.56,21.84,5.29,sunflower,0
32.11,51.25,73.16,sorghum,1
7.25,83.08,190.55,soybean,0
26.65,61.48,113.66,mango,1
21.48,74.03,193.57,rice,1
12.66,46.82,32.74,mustard,1
41.99,26.65,2.89,millet,0
39.75,59.26,344.54,maize,0
32.1,84.16,189.04,sugarcane,1
22.52,59.46,86.08,groundnut,1
44.9,63.19,11.76,rice,0
13.83,59.6,53.52,onion,1
39.92,31.85,24.94,sorghum,0
27.6,56.49,87.25,mango,1
43.27,90.09,284.6,maize,0
23.83,67.95,71.73,tomato,1
32.64,56.14,33.19,potato,0
18.49,74.16,61.16,tomato,1
17.06,52.52,72.35,wheat,1
33.41,43.59,6.35,onion,0
15.53,58.32,30.4,onion,1
42.94,39.39,23.33,cotton,0
28.07,64.25,88.87,soybean,1
33.83,51.31,14.32,potato,0
22.35,71.68,238.71,soybean,0
4.14,73.39,130.27,onion,0
36.7,36.32,23.99,mango,0
1.24,81.37,138.75,onion,0
13.34,80.05,159.86,soybean,0
48.45,22.35,15.46,sorghum,0
16.7,69.03,181.58,sorghum,0
7.43,64.64,328.39,maize,0
22.62,61.26,42.52,onion,1
24.72,81.4,211.07,sugarcane,1
14.05,100.59,240.52,sugarcane,0
30.76,46.3,89.7,cotton,1
37.45,50.95,9.13,soybean,0
23.22,52.21,61.75,cotton,1
40.23,50.73,51.92,groundnut,0
36.61,32.14,135.59,sugarcane,0
32.04,80.52,212.4,banana,1
25.02,64.16,80.99,mango,1
27.37,64.1,127.67,maize,1
22.07,55.19,65.61,groundnut,1
29.42,58.57,126.85,maize,1
26.64,82.91,196.83,banana,1
35.04,40.83,9.32,groundnut,0
5.99,96.05,166.79,potato,0
23.69,75.95,204.78,rice,1
25.48,48.06,85.33,cotton,1
29.69,27.25,55.28,banana,0
49.96,56.07,74.23,banana,0
21.45,45.45,25.86,mustard,1
29.95,61.26,105.7,mango,1
5.23,90.6,156.49,tomato,0
23.24,43.38,49.42,mustard,1
41.39,21.02,3.08,millet,0
26.85,60.59,226.54,millet,0
31.7,42.39,58.48,millet,1
29.34,37.22,67.1,millet,1
43.96,38.4,19.16,sorghum,0
5.11,52.06,291.66,mustard,0
26.68,64.05,125.77,maize,1
40.5,22.36,6.0,millet,0
29.73,52.39,83.2,groundnut,1
29.06,42.14,34.28,millet,1
9.94,83.4,174.74,tomato,0
29.8,20.89,145.93,onion,0
10.96,80.24,157.66,mango,0
26.28,41.51,65.8,maize,0
13.03,108.22,300.4,banana,0
49.61,50.65,86.34,sugarcane,0
23.35,74.97,66.01,tomato,1
29.64,51.7,74.95,sorghum,1
27.57,78.31,201.91,rice,1
30.71,54.4,26.27,potato,0
19.91,69.51,94.29,potato,1
51.43,66.2,138.42,sugarcane,0
34.53,44.06,53.12,millet,1
5.61,71.88,122.61,wheat,0
45.77,23.07,10.74,sorghum,0
10.7,85.15,236.9,maize,0
26.93,70.5,195.16,rice,1
16.33,48.25,59.18,mustard,1
33.96,39.62,62.57,millet,1
39.72,40.78,274.73,cotton,0
7.05,44.64,255.56,maize,0
31.56,37.92,59.5,millet,1
31.74,52.37,77.37,cotton,1
10.2,80.48,177.65,tomato,0
-4.92,55.5,132.49,mustard,0
23.18,52.06,92.4,cotton,1
27.69,51.63,69.87,sunflower,1
22.19,92.4,251.99,soybean,0
28.17,76.48,216.34,rice,1
47.41,64.44,14.68,rice,0
29.05,45.96,80.08,sorghum,1
15.54,40.26,45.83,mustard,1
22.13,40.98,53.22,mustard,1
30.94,31.78,306.67,cotton,0
31.98,30.15,162.26,tomato,0
42.76,25.7,25.75,cotton,0
38.11,46.21,5.89,soybean,0
37.06,82.31,302.29,groundnut,0
31.75,20.88,0.0,mustard,0
28.82,60.39,100.05,maize,1
13.0,41.43,53.65,mustard,1
21.06,50.16,53.12,wheat,1
38.92,35.14,10.62,wheat,0
22.54,68.02,56.44,tomato,1
18.59,43.45,45.21,mustard,1
25.68,63.24,99.82,mango,1
49.62,63.02,75.0,banana,0
24.38,45.26,52.22,mustard,1
44.12,67.78,35.87,banana,0
42.12,44.42,49.29,mango,0
13.89,97.02,237.22,potato,0
18.46,49.42,50.26,wheat,1
46.76,59.94,94.28,sugarcane,0
35.18,32.4,9.84,groundnut,0
26.76,58.11,37.81,potato,0
43.74,41.71,17.41,groundnut,0
33.02,34.74,195.18,mango,0
7.37,29.51,88.55,millet,0
31.94,42.92,49.04,millet,1
20.81,101.18,296.83,banana,0
10.91,48.38,50.02,mustard,1
29.94,79.23,188.83,banana,1
6.1,108.08,300.21,sugarcane,0
21.61,51.92,85.1,cotton,1
26.56,74.81,286.88,mustard,0
36.57,72.0,124.78,soybean,0
15.37,75.82,206.1,cotton,0
22.14,49.3,59.4,sunflower,1
34.88,25.39,277.34,onion,0
27.5,46.85,79.88,sorghum,1
35.25,83.86,190.54,sugarcane,1
27.32,32.08,136.42,tomato,0
28.88,63.12,100.76,maize,1
19.84,62.97,53.44,onion,1
7.82,74.54,167.16,maize,0
38.11,54.48,7.12,tomato,0
12.74,82.51,125.06,tomato,0
24.05,42.27,13.4,cotton,0
22.39,57.73,246.05,mango,0
16.4,79.88,157.12,rice,0
27.81,58.45,131.71,maize,1
52.31,65.64,76.22,sugarcane,0
29.75,80.2,206.92,sugarcane,1
49.84,65.53,8.3,sugarcane,0
7.69,70.17,233.77,maize,0
24.88,55.88,119.94,maize,1
16.42,43.32,25.45,mustard,1
40.62,37.57,27.99,groundnut,0
21.25,67.01,91.98,soybean,1
25.55,44.97,55.88,millet,1
36.18,82.86,303.62,wheat,0
35.07,30.39,116.6,soybean,0
28.93,61.34,80.63,mango,1
7.5,96.74,173.9,potato,0
46.52,39.43,23.07,cotton,0
22.55,53.73,43.27,wheat,1
19.97,89.23,169.84,soybean,0
28.94,43.1,57.87,millet,1
34.92,38.33,42.11,millet,1
3.96,86.18,173.23,potato,0
13.85,70.04,196.68,cotton,0
19.08,66.83,87.55,potato,1
30.04,75.64,188.72,rice,1
28.63,61.87,107.38,mango,1
48.45,13.26,0.59,millet,0
28.9,75.49,196.02,banana,1
28.36,35.32,52.75,millet,1
23.67,61.91,303.57,tomato,0
22.48,72.34,40.67,tomato,1
43.99,31.04,10.51,groundnut,0
9.48,92.24,287.49,rice,0
24.61,48.54,60.21,cotton,1
31.97,54.44,64.77,sorghum,1
3.3,81.92,119.47,tomato,0
30.3,39.72,5.56,onion,0
28.34,99.11,140.17,mango,0
41.31,69.77,258.68,cotton,0
15.7,63.75,41.78,onion,1
30.91,51.98,84.78,sunflower,0
10.03,75.26,151.84,soybean,0
23.85,68.9,69.44,tomato,1
20.34,49.36,78.08,sunflower,1
27.62,57.62,103.77,mango,1
39.12,37.02,54.37,maize,0
20.95,42.21,31.19,mustard,1
21.6,48.5,30.88,mustard,1
19.77,68.6,84.1,potato,1
34.97,80.91,208.76,banana,1
7.86,91.53,281.66,sugarcane,0
30.67,76.67,210.97,sugarcane,1
20.39,73.12,207.09,rice,1
5.16,91.31,14.88,sunflower,0
16.74,41.4,36.13,mustard,1
39.13,71.4,305.26,mango,0
8.85,79.57,90.92,maize,0
-1.55,58.44,100.33,mustard,0
25.76,39.89,102.09,tomato,0
21.17,53.14,68.24,wheat,1
31.13,54.43,52.07,sorghum,1
11.88,98.2,319.17,banana,0
20.87,64.64,139.27,maize,1
50.39,63.44,138.42,sugarcane,0
13.62,76.41,163.37,soybean,0
22.78,68.8,82.57,soybean,1
27.96,70.01,192.97,rice,1
42.47,87.81,141.62,onion,0
12.0,87.43,147.12,sunflower,0
41.7,38.94,22.0,groundnut,0
42.28,67.8,16.28,banana,0
20.77,79.41,199.11,rice,1
29.01,71.21,219.35,rice,1
21.57,63.35,88.14,soybean,1
33.6,52.28,15.1,potato,0
23.13,56.81,91.04,groundnut,1
22.05,20.35,23.58,banana,0
9.89,78.28,282.35,sunflower,0
20.07,54.2,67.67,wheat,1
4.9,76.89,212.43,maize,0
41.67,86.99,55.67,cotton,0
33.19,73.7,186.31,rice,1
8.35,83.26,125.43,tomato,0
29.34,84.82,201.19,banana,1
29.38,60.27,102.35,mango,1
33.79,84.97,187.64,banana,1
18.6,63.13,134.97,maize,1
27.26,47.17,72.19,cotton,1
30.16,47.48,63.11,sorghum,1
44.61,47.35,133.14,rice,0
43.65,74.97,50.53,sugarcane,0
23.93,67.74,98.25,soybean,1
28.72,77.67,209.91,sugarcane,1
22.02,43.73,29.18,mustard,1
9.14,67.83,128.69,groundnut,0
19.62,52.08,57.54,wheat,1
19.37,70.0,146.46,sorghum,0
25.69,44.79,38.03,millet,1
0.22,69.75,98.65,mustard,0
40.16,92.59,70.18,tomato,0
43.71,48.99,36.95,soybean,0
15.52,49.13,68.69,wheat,1
43.02,26.32,11.68,sorghum,0
37.8,68.0,117.28,cotton,0
11.31,44.56,51.48,mustard,1
29.85,52.54,18.05,potato,0
26.31,60.93,112.44,mango,1
18.17,44.22,285.45,sorghum,0
21.85,58.31,111.13,maize,1
25.66,67.84,51.03,tomato,1
23.53,57.47,36.93,onion,1
10.91,92.04,245.94,rice,0
23.21,71.32,217.42,rice,1
20.88,73.79,219.41,rice,1
28.71,62.68,78.37,soybean,1
8.74,57.27,224.87,cotton,0
8.09,84.19,232.31,maize,0
28.11,43.92,51.62,millet,1
22.58,62.96,104.53,maize,1
14.15,87.91,141.05,soybean,0
32.13,82.68,197.6,banana,1
44.19,31.69,21.41,sorghum,0
45.64,63.15,51.56,sugarcane,0
24.78,67.82,105.06,soybean,1
14.24,95.39,304.09,rice,0
25.31,84.9,191.83,sugarcane,1
29.73,78.53,193.0,banana,1
2.5,64.91,100.97,mustard,0
6.45,64.96,148.08,wheat,0
28.98,57.72,78.25,groundnut,1
20.37,66.89,93.95,soybean,1
31.18,81.46,195.38,banana,1
32.37,81.33,199.97,sugarcane,1
42.37,23.84,20.07,sorghum,0
11.9,73.36,200.86,mango,0
22.09,67.14,217.08,onion,0
30.94,71.63,195.18,rice,1
6.85,66.97,243.52,mango,0
8.65,77.67,207.35,potato,0
28.86,75.42,188.19,banana,1
34.6,43.32,37.76,millet,1
30.46,27.28,18.4,wheat,0
15.09,87.58,213.69,mango,0
24.43,62.11,117.4,mango,1
19.71,42.32,58.34,mustard,1
28.0,77.51,180.75,banana,1
14.02,95.8,181.61,rice,0
26.2,68.71,71.01,tomato,1
29.86,83.24,214.92,banana,1
29.73,48.33,92.09,cotton,1
19.76,84.29,193.08,rice,0
40.69,31.86,3.93,mango,0
18.12,68.81,226.68,rice,0
9.21,75.38,167.2,mango,0
37.32,38.66,9.95,cotton,0
27.95,41.6,33.03,millet,1
24.42,47.05,55.78,sunflower,1
7.87,81.98,61.08,potato,0
27.35,44.34,28.67,potato,0
28.89,25.84,194.95,millet,0
5.48,49.04,113.38,tomato,0
37.34,52.44,0.71,tomato,0
14.76,59.55,214.52,mango,0
21.98,59.19,49.81,onion,1
23.74,41.87,50.46,mustard,1
26.29,75.84,200.91,rice,1
28.79,53.7,66.7,sorghum,1
16.69,52.2,59.53,wheat,1
40.32,29.1,38.49,cotton,0
41.12,35.07,19.79,sorghum,0
35.49,26.3,162.73,groundnut,0
27.65,50.64,74.18,groundnut,1
30.5,42.67,34.55,millet,1
24.12,77.88,218.44,sugarcane,1
20.02,58.13,131.43,maize,1
22.91,53.37,52.87,sunflower,1
34.26,51.43,155.97,maize,0
22.94,45.48,26.93,mustard,1
26.44,48.34,81.76,sorghum,1
9.25,94.74,166.74,cotton,0
13.43,58.42,30.43,onion,1
5.6,57.97,180.69,mustard,0
29.45,79.9,185.13,banana,1
19.64,67.82,87.13,potato,1
34.56,71.79,218.5,rice,1
22.46,65.86,104.88,soybean,1
28.59,64.44,82.11,soybean,1
23.66,49.68,52.5,mustard,1
37.35,49.7,16.75,tomato,0
19.17,41.86,29.86,mustard,1
27.83,50.34,81.16,sunflower,1
-2.72,61.91,127.1,mustard,0
19.06,47.21,136.25,sunflower,0
10.38,49.45,35.01,mustard,1
21.48,35.95,118.19,groundnut,0
50.56,66.55,30.74,sugarcane,0
37.83,81.33,185.51,sugarcane,1
27.81,36.11,48.62,millet,1
26.84,51.0,87.18,cotton,1
31.8,52.4,55.04,sorghum,1
7.77,65.52,168.6,cotton,0
38.18,24.61,24.06,cotton,0
42.3,99.47,149.84,onion,0
35.22,80.59,204.63,sugarcane,1
22.71,50.0,90.7,cotton,1
12.12,62.32,109.84,sugarcane,0
21.79,64.81,129.81,maize,1
44.7,43.93,22.67,groundnut,0
38.27,73.86,330.77,tomato,0
23.23,72.02,79.2,tomato,1
22.71,60.81,58.91,onion,1
52.17,50.68,143.89,sugarcane,0
22.18,80.11,78.54,tomato,0
20.76,37.0,165.31,soybean,0
42.77,39.65,20.38,sorghum,0
17.74,74.9,99.86,potato,1
22.43,54.28,55.5,sunflower,1
9.17,73.21,120.82,groundnut,0
27.98,67.0,97.01,sugarcane,0
17.87,84.91,343.52,onion,0
39.48,34.4,7.44,mango,0
4.52,72.67,170.41,wheat,0
13.33,34.46,80.5,sugarcane,0
11.59,103.82,302.0,banana,0
26.59,55.2,113.76,mango,1
16.72,71.76,153.01,groundnut,0
34.93,76.5,197.52,rice,1
26.93,40.34,27.61,potato,0
16.84,51.4,57.29,wheat,1
29.52,74.92,183.65,rice,1
34.67,52.88,0.32,tomato,0
29.11,77.48,184.58,rice,1
24.85,59.68,111.07,mango,1
23.14,72.67,217.47,rice,1
33.86,48.42,68.39,sorghum,1
25.48,82.34,164.49,tomato,0
44.21,34.6,23.87,groundnut,0
20.79,23.95,104.93,sugarcane,0
14.79,64.31,57.05,onion,1
34.91,25.35,347.56,sunflower,0
46.44,69.29,101.06,sugarcane,0
22.51,43.2,43.07,mustard,1
5.24,84.6,306.22,cotton,0
36.49,20.39,23.05,sunflower,0
29.34,59.86,88.33,groundnut,1
24.66,91.18,27.98,maize,0
20.61,57.1,128.58,maize,1
13.21,86.39,193.97,rice,0
27.23,48.71,89.64,sorghum,1
14.87,47.73,40.26,mustard,1
36.45,30.65,46.25,maize,0
39.35,33.99,4.99,sunflower,0
-3.63,60.17,118.36,mustard,0
19.71,65.95,99.45,potato,1
12.22,101.55,262.9,banana,0
37.03,37.9,212.92,wheat,0
13.2,65.2,288.9,sugarcane,0
27.95,60.43,118.33,mango,1
21.5,63.17,32.38,onion,1
14.57,64.67,46.06,onion,1
32.71,39.78,46.16,millet,1
23.48,48.55,53.3,mustard,1
47.81,25.34,1.96,millet,0
18.55,65.18,89.37,potato,1
25.28,47.38,29.01,potato,0
20.4,47.77,61.23,sunflower,1
42.24,35.71,26.06,sunflower,0
26.06,77.55,188.93,sugarcane,1
21.13,43.62,159.19,onion,0
18.45,70.12,74.54,tomato,1
32.02,49.53,59.84,sorghum,1
37.41,47.61,0.83,tomato,0
43.04,33.5,87.19,sugarcane,0
35.17,31.25,0.0,mustard,0
9.27,82.29,39.21,sunflower,0
21.41,41.95,65.62,tomato,0
0.48,84.09,191.22,potato,0
22.4,45.09,80.54,cotton,1
29.31,58.12,5.06,potato,0
17.45,68.77,93.92,potato,1
23.74,49.5,83.45,sunflower,1
23.84,56.09,125.82,maize,1
30.79,36.04,2.09,onion,0
5.06,93.8,134.42,soybean,0
33.3,84.22,185.38,banana,1
19.92,69.67,314.97,cotton,0
6.33,92.05,267.08,rice,0
25.04,54.2,98.46,groundnut,1
12.94,73.23,182.75,maize,0
43.81,36.48,48.86,soybean,0
-0.19,64.89,124.71,mustard,0
18.86,65.85,63.78,tomato,1
28.63,36.83,66.69,millet,1
7.85,75.6,110.35,wheat,0
30.31,28.09,9.04,wheat,0
13.9,79.57,137.07,cotton,0
27.05,35.37,45.5,millet,1
20.71,51.67,84.31,sunflower,1
37.5,28.09,179.42,soybean,0
21.93,62.84,106.46,soybean,1
16.57,72.94,82.64,potato,1
27.06,47.13,87.44,banana,0
5.21,95.52,196.78,potato,0
20.66,79.66,214.22,sugarcane,1
13.6,58.98,199.27,soybean,0
21.24,56.28,241.01,rice,0
28.28,69.87,107.03,soybean,1
24.14,70.1,217.92,rice,1
-1.58,77.1,145.87,onion,0
27.6,51.06,54.04,sorghum,1
22.14,67.6,73.9,tomato,1
6.31,106.29,319.84,sugarcane,0
11.59,76.2,122.22,sorghum,0
7.25,71.18,173.01,wheat,0
21.29,78.58,205.65,sugarcane,1
35.47,58.18,34.39,soybean,0
35.77,80.74,209.78,sugarcane,1
22.11,46.85,97.93,cotton,1
5.67,80.35,126.44,potato,0
17.32,65.25,83.83,potato,1
42.96,37.75,3.0,sunflower,0
19.45,74.31,80.14,potato,1
31.16,79.98,205.57,banana,1
4.27,81.19,121.68,onion,0
27.02,54.19,67.68,sorghum,1
24.44,46.5,85.52,sunflower,1
39.76,34.71,0.0,mustard,0
29.96,42.29,49.91,millet,1
24.91,49.79,56.03,wheat,1
13.61,53.59,119.31,rice,0
44.71,39.35,340.72,cotton,0
22.66,54.82,75.12,sunflower,1
26.35,72.12,201.57,rice,1
21.23,67.25,101.52,soybean,1
24.17,50.42,65.67,wheat,1
21.67,53.58,55.05,sunflower,1
42.81,66.51,87.28,banana,0
20.31,71.52,185.05,rice,1
47.6,23.22,5.2,millet,0
33.67,56.72,70.6,sorghum,0
41.15,33.24,138.72,wheat,0
32.07,31.12,0.0,mustard,0
38.82,38.58,37.38,soybean,0
17.78,87.38,216.98,mango,0
43.03,29.77,5.25,millet,0
29.23,52.9,85.88,sunflower,1
20.49,53.41,82.15,sunflower,1
39.72,36.17,2.52,wheat,0
34.08,71.34,184.62,rice,1
41.41,48.57,33.75,maize,0
26.97,47.24,60.31,sorghum,1
6.48,86.34,193.32,maize,0
43.98,47.68,6.26,tomato,0
33.46,78.75,215.25,sugarcane,1
32.51,58.43,16.32,tomato,0
16.92,47.47,62.32,wheat,1
27.55,59.97,66.67,groundnut,1
31.77,83.74,207.85,banana,1
32.55,29.3,0.0,mustard,0
21.89,93.48,35.14,millet,0
24.77,61.09,82.42,soybean,1
0.64,85.27,199.48,potato,0
44.69,26.54,19.29,groundnut,0
22.32,79.3,214.58,rice,1
18.72,74.45,53.46,tomato,1
26.33,56.1,66.15,groundnut,1
40.04,25.77,31.99,cotton,0
34.9,96.94,77.86,tomato,0
44.13,50.91,10.5,soybean,0
28.22,70.0,191.48,rice,1
13.16,58.26,48.52,onion,1
26.78,38.73,48.31,millet,1
24.16,39.64,133.13,mango,0
22.82,69.48,87.06,soybean,1
38.57,39.17,2.49,onion,0
34.19,74.26,343.43,sunflower,0
29.39,62.59,94.25,soybean,1
21.21,60.71,67.54,onion,1
18.13,73.39,69.15,potato,1
28.95,62.51,104.82,mango,1
20.32,69.46,136.96,sorghum,0
25.77,42.84,40.08,millet,1
35.72,45.54,25.87,maize,0
37.66,36.19,101.46,potato,0
14.14,85.79,190.33,mango,0
43.09,55.6,49.63,sugarcane,0
18.18,74.55,81.35,potato,1
22.65,50.87,75.28,cotton,1
21.25,50.94,47.82,wheat,1
37.81,66.82,148.57,tomato,0
9.96,80.24,337.99,sorghum,0
24.62,65.2,48.77,tomato,1
18.56,58.82,116.66,maize,1
20.4,73.94,202.58,rice,1
29.07,77.18,188.14,rice,1
10.76,96.47,296.76,rice,0
11.16,85.78,193.5,soybean,0
27.42,76.83,207.41,banana,1
42.04,87.35,150.39,onion,0
13.49,73.56,209.34,mango,0
3.27,71.06,100.64,wheat,0
23.46,74.57,44.67,tomato,1
16.95,57.93,51.44,onion,1
45.26,57.16,96.96,banana,0
10.32,82.67,183.98,soybean,0
44.11,99.25,252.62,tomato,0
33.14,44.52,7.0,onion,0
32.07,17.36,0.0,mustard,0
44.86,60.73,1.23,banana,0
26.85,59.56,109.88,mango,1
16.65,69.54,83.47,potato,1
39.73,32.05,57.42,mango,0
27.89,58.07,299.02,millet,0
18.58,69.98,94.02,potato,1
29.21,50.59,93.67,cotton,1
21.39,71.96,72.88,tomato,1
11.95,48.45,41.07,mustard,1
19.17,78.82,163.21,sorghum,0
35.94,59.74,10.19,tomato,0
28.79,50.52,66.84,cotton,1
37.36,22.99,8.08,sunflower,0
42.58,26.07,6.59,millet,0
33.33,75.66,188.72,banana,1
43.38,30.48,0.39,sunflower,0
2.2,95.41,138.08,potato,0
5.06,98.62,134.39,potato,0
29.18,42.6,38.79,millet,1
22.39,47.99,53.45,wheat,1
35.94,30.39,8.9,wheat,0
15.94,62.69,36.73,onion,1
14.11,96.2,279.4,sugarcane,0
42.53,77.15,99.45,sugarcane,0
46.44,10.84,7.22,millet,0
28.52,42.25,40.08,millet,1
26.86,81.18,211.16,sugarcane,1
37.0,32.08,4.84,cotton,0
20.82,45.4,50.01,sunflower,1
19.94,91.66,265.47,banana,0
7.65,66.99,153.53,cotton,0
34.97,84.71,210.83,banana,1
28.99,53.08,84.13,cotton,1
13.37,63.55,53.24,onion,1
29.88,35.65,34.52,millet,1
28.09,46.4,26.5,potato,0
23.03,67.6,79.63,soybean,1
4.93,61.29,126.3,mustard,0
28.53,56.21,110.4,mango,1
21.25,56.3,59.15,onion,1
18.8,65.64,81.71,potato,1
13.59,71.66,122.51,groundnut,0
35.93,59.24,12.51,tomato,0
30.58,45.3,74.61,cotton,1
13.41,99.05,261.87,banana,0
34.48,81.13,326.65,tomato,0
7.26,62.69,119.43,sunflower,0
36.49,26.17,33.66,banana,0
11.47,87.6,229.02,sugarcane,0
-1.88,89.39,122.67,onion,0
23.68,65.74,45.51,tomato,1
10.61,61.81,100.26,millet,0
24.45,79.69,203.17,rice,1
13.89,83.03,153.51,soybean,0
37.61,38.14,8.52,maize,0
10.27,74.66,172.05,maize,0
34.68,78.31,282.72,onion,0
11.4,69.14,143.42,sunflower,0
21.11,48.77,98.75,cotton,1
39.33,39.85,37.91,mango,0
38.3,48.87,22.91,soybean,0
18.82,73.69,77.17,tomato,1
41.37,23.76,8.99,sorghum,0
34.84,44.67,53.82,millet,1
39.68,98.41,71.47,sorghum,0
29.84,50.14,85.39,groundnut,1
37.0,37.48,60.62,maize,0
26.33,70.64,195.26,rice,1
28.38,60.87,250.93,cotton,0
23.68,62.91,76.0,soybean,1
32.1,45.91,3.07,onion,0
20.41,76.43,185.43,rice,1
21.49,59.83,31.66,onion,1
31.23,75.57,30.93,banana,0
21.35,67.23,57.48,tomato,1
27.74,75.32,207.34,sugarcane,1
14.39,55.09,137.16,millet,0
26.46,51.32,78.53,sorghum,1
33.25,77.76,202.82,banana,1
17.59,68.9,156.17,sorghum,0
7.18,82.77,148.3,tomato,0
36.59,44.51,16.83,soybean,0
42.15,70.71,221.27,maize,0
43.81,22.81,8.38,sunflower,0
24.33,47.33,51.98,mustard,1
27.12,41.41,57.6,millet,1
23.97,72.47,202.45,rice,1
35.77,34.84,0.0,mustard,0
25.01,55.42,111.3,mango,1
11.02,61.4,165.71,sorghum,0
26.85,51.11,81.29,sorghum,1
40.9,72.53,335.8,groundnut,0
27.42,52.68,77.88,sorghum,1
22.64,48.66,56.02,wheat,1
29.33,42.26,4.35,onion,0
24.14,34.58,47.2,rice,0
20.44,54.72,40.12,mustard,0
37.17,44.41,164.92,maize,0
38.99,25.28,31.66,groundnut,0
13.3,99.19,295.68,sugarcane,0
17.64,53.03,158.24,millet,0
10.8,95.55,120.78,tomato,0
22.71,46.26,75.15,cotton,1
20.0,60.71,35.56,onion,1
21.47,68.76,63.39,tomato,1
0.81,74.37,154.25,onion,0
5.43,65.89,105.95,groundnut,0
22.71,63.91,123.58,maize,1
31.86,68.37,318.41,soybean,0
38.42,34.89,9.63,cotton,0
25.56,78.94,193.15,sugarcane,1
25.58,71.16,66.4,tomato,1
31.28,82.48,196.55,sugarcane,1
39.25,41.56,218.24,tomato,0
45.4,22.98,7.37,millet,0
22.95,47.73,44.87,wheat,1
22.38,55.33,81.58,groundnut,1
18.96,53.16,69.83,wheat,1
22.25,60.62,30.82,onion,1
24.65,43.76,27.62,mustard,1
26.1,59.79,123.63,maize,1
27.45,41.31,56.55,millet,1
26.8,80.59,216.87,banana,1
6.14,60.98,322.82,soybean,0
7.48,86.94,263.22,rice,0
19.5,73.04,71.04,potato,1
23.4,55.19,66.06,groundnut,1
5.19,89.09,146.69,soybean,0
13.86,58.71,63.01,onion,1
29.54,60.98,117.99,mango,1
15.88,107.94,316.84,banana,0
4.07,70.72,177.17,wheat,0
33.33,82.12,194.75,sugarcane,1
15.6,72.85,70.55,potato,1
27.64,50.44,81.53,sorghum,1
24.44,45.9,63.18,cotton,1
33.27,54.45,26.56,potato,0
10.59,97.87,266.28,rice,0
14.69,58.74,56.08,onion,1
26.85,36.11,37.37,millet,1
43.42,60.32,30.72,rice,0
33.12,80.05,197.43,sugarcane,1
6.15,90.17,255.58,sugarcane,0
26.43,78.21,215.44,sugarcane,1
27.84,53.01,88.42,groundnut,1
24.59,73.53,51.83,tomato,1
7.59,61.35,205.34,tomato,0
36.47,48.38,17.27,tomato,0
20.04,45.41,33.58,mustard,1
22.48,51.06,56.63,wheat,1
11.77,62.1,171.32,sorghum,0
34.67,63.73,166.66,cotton,0
19.14,65.38,126.76,sorghum,0
29.31,63.17,85.96,mango,1
21.77,48.8,79.21,wheat,1
27.73,55.41,98.21,groundnut,1
17.3,61.29,149.33,sorghum,0
12.04,75.63,190.31,mango,0
23.82,53.48,88.09,groundnut,1
6.16,37.94,213.4,soybean,0
37.52,46.64,10.98,tomato,0
30.59,34.56,338.19,rice,0
22.03,68.08,60.29,tomato,1
14.89,55.46,37.45,onion,1
32.37,26.36,14.76,wheat,0
34.19,21.4,0.0,mustard,0
8.73,77.94,208.15,soybean,0
31.16,22.65,0.0,mustard,0
23.89,53.76,87.3,cotton,1
40.37,25.26,139.36,rice,0
24.77,52.25,99.59,cotton,1
29.04,64.45,119.46,mango,1
32.87,73.3,207.75,rice,1
30.99,36.58,313.21,sorghum,0
15.47,59.62,36.32,onion,1
1.23,78.85,104.05,wheat,0
2.63,77.24,106.96,wheat,0
38.79,44.31,5.99,onion,0
14.34,73.91,178.58,sunflower,0
23.69,52.39,98.03,cotton,1
7.51,81.43,238.34,maize,0
28.55,49.7,69.51,sunflower,1
43.01,45.95,67.17,rice,0
25.18,69.18,56.09,tomato,1
24.3,62.22,86.25,soybean,1
32.23,59.1,17.01,tomato,0
20.04,74.51,203.75,rice,1
14.71,43.37,56.95,mustard,1
8.79,105.75,305.15,sugarcane,0
15.77,47.52,49.86,wheat,1
28.56,62.27,135.67,maize,1
22.45,69.09,96.96,soybean,1
24.67,69.93,79.53,soybean,1
33.6,43.94,57.82,millet,1
24.23,47.13,89.52,cotton,1
33.1,78.81,197.02,sugarcane,1
6.01,93.57,263.45,sugarcane,0
21.62,61.24,60.2,onion,1
18.8,67.44,74.95,potato,1
21.08,62.24,100.99,maize,1
4.42,90.49,139.56,potato,0
10.73,90.26,150.86,soybean,0
18.48,67.42,79.16,potato,1
32.11,71.9,183.88,rice,1
37.07,44.11,9.4,tomato,0
44.65,25.53,3.38,sunflower,0
23.28,57.3,120.58,maize,1
22.49,55.57,87.31,groundnut,1
22.61,94.42,133.41,mustard,0
26.35,72.77,180.14,rice,1
23.71,68.0,73.13,tomato,1
7.49,73.78,122.81,wheat,0
34.56,35.97,51.25,millet,1
51.86,67.28,83.69,sugarcane,0
5.29,75.34,179.97,wheat,0
30.32,81.99,182.34,banana,1
30.6,70.64,196.3,rice,1
31.28,51.41,86.1,sorghum,1
38.68,58.71,17.25,tomato,0
23.8,54.12,65.04,wheat,1
41.45,42.12,0.55,tomato,0
30.47,55.2,66.12,millet,0
20.78,57.64,109.36,maize,1
27.7,52.31,51.58,sunflower,1
45.45,51.42,12.81,rice,0
24.3,62.4,81.97,mango,1
32.85,74.23,340.33,sorghum,0
21.62,51.06,51.69,sunflower,1
24.07,48.76,67.31,wheat,1
48.71,50.92,135.74,sugarcane,0
6.25,99.42,309.13,sugarcane,0
25.66,58.91,106.53,mango,1
27.43,75.04,200.88,banana,1
39.05,31.82,27.32,sunflower,0
20.36,45.73,89.79,sunflower,1
0.75,71.36,134.8,wheat,0
23.93,60.99,32.54,onion,1
20.59,49.79,74.78,wheat,1
40.01,31.46,30.24,groundnut,0
28.53,66.05,108.67,soybean,1
44.09,35.03,19.35,sorghum,0
14.93,55.11,30.54,onion,1
35.77,73.03,176.27,groundnut,0
35.9,59.63,178.78,wheat,0
26.39,72.95,61.24,tomato,1
5.89,73.61,231.88,maize,0
9.24,70.74,178.48,groundnut,0
25.34,51.08,62.78,cotton,1
35.07,53.96,35.38,soybean,0
10.32,64.98,129.67,banana,0
29.05,81.23,190.98,sugarcane,1
18.16,70.77,93.24,potato,1
22.15,69.0,76.23,tomato,1
11.13,48.34,45.56,mustard,1
24.97,62.25,84.01,soybean,1
1.66,62.78,116.53,wheat,0
10.51,70.12,157.89,groundnut,0
23.43,65.37,49.25,tomato,1
6.64,34.35,59.45,millet,0
24.11,48.98,67.8,cotton,1
29.71,55.64,101.75,mango,1
43.83,26.12,28.69,groundnut,0
49.01,58.38,56.69,sugarcane,0
29.39,62.8,103.0,maize,1
17.46,83.53,333.82,cotton,0
31.12,52.73,172.1,wheat,0
35.5,93.72,122.86,rice,0
13.14,99.43,74.38,banana,0
6.09,74.95,182.73,maize,0
32.13,76.8,217.43,banana,1
22.56,51.14,66.36,groundnut,1
30.65,78.99,192.57,sugarcane,1
24.06,73.49,69.24,tomato,1
26.55,61.84,90.27,soybean,1
22.57,46.75,74.25,wheat,1
44.28,25.66,20.89,sorghum,0
43.35,38.68,23.42,sunflower,0
14.71,59.11,95.86,sunflower,0
28.99,48.71,325.82,banana,0
0.86,65.88,155.32,mustard,0
22.76,80.31,219.26,sugarcane,1
26.26,61.18,117.31,maize,1
21.01,68.69,103.35,soybean,1
11.45,78.25,210.66,maize,0
10.55,87.05,307.67,rice,0
20.67,45.87,85.11,sunflower,1
31.16,53.43,75.55,cotton,1
27.05,51.66,83.28,sorghum,1
9.74,66.25,343.89,tomato,0
25.09,61.52,70.31,soybean,1
44.67,42.21,12.5,mango,0
22.3,54.23,96.79,cotton,1
29.09,53.87,84.88,sunflower,1
0.59,73.72,134.85,onion,0
48.01,59.94,54.8,banana,0
42.46,37.84,23.31,cotton,0
17.3,36.42,344.09,wheat,0
26.23,61.07,111.26,maize,1
11.39,58.84,169.01,millet,0
44.73,22.55,9.4,sorghum,0
33.63,77.02,201.17,banana,1
41.55,49.51,6.95,maize,0
38.58,97.11,194.38,potato,0
43.3,32.61,23.34,sunflower,0
28.72,26.28,123.09,onion,0
38.87,34.0,7.23,onion,0
38.39,47.23,0.73,tomato,0
24.79,66.26,60.73,tomato,1
11.81,102.64,291.44,rice,0
27.3,27.09,197.59,tomato,0
40.76,54.75,147.21,banana,0
31.15,80.45,206.01,banana,1
38.12,37.56,2.79,sunflower,0
-3.93,73.62,126.48,mustard,0
27.95,36.57,61.78,millet,1
6.3,70.72,185.25,sunflower,0
30.28,45.06,54.67,sorghum,1
27.26,66.22,104.63,soybean,1
35.95,32.83,6.0,groundnut,0
10.88,93.75,175.49,tomato,0
40.96,93.37,344.54,sunflower,0
16.81,68.03,71.48,potato,1
20.47,92.82,83.18,groundnut,0
13.68,63.99,146.3,cotton,0
22.31,44.35,325.12,potato,0
44.75,35.36,9.55,sunflower,0
36.8,39.87,0.26,onion,0
7.29,80.26,204.75,soybean,0
19.96,88.17,172.01,maize,0
25.16,67.23,78.57,soybean,1
10.94,88.89,188.48,soybean,0
16.8,49.0,42.15,mustard,1
24.66,39.58,91.0,soybean,0
25.52,62.27,135.68,maize,1
28.1,46.25,59.85,sunflower,1
9.57,71.76,190.58,maize,0
28.19,51.8,68.66,sorghum,1
10.17,89.06,280.55,millet,0
42.17,32.74,25.02,groundnut,0
6.85,75.49,40.78,sunflower,0
27.13,79.05,206.58,banana,1
16.99,54.64,52.85,wheat,1
34.96,45.85,15.17,tomato,0
11.57,80.5,167.0,soybean,0
28.77,68.62,73.06,soybean,1
28.49,40.75,50.32,millet,1
23.78,70.82,180.78,rice,1
4.74,67.71,109.48,mustard,0
27.75,50.4,85.88,groundnut,1
22.36,58.47,67.09,groundnut,1
17.65,71.82,85.63,potato,1
33.85,41.58,69.0,millet,1
3.21,85.21,128.47,potato,0
16.17,57.06,168.22,millet,0
46.34,53.96,132.36,sugarcane,0
19.04,47.31,52.45,sugarcane,0
34.62,19.58,0.0,mustard,0
30.58,84.62,210.96,banana,1
8.27,97.2,174.63,potato,0
27.59,76.22,209.72,banana,1
7.14,60.27,80.01,mango,0
19.24,64.11,119.31,maize,1
47.89,56.92,44.36,rice,0
28.51,52.51,50.92,sunflower,1
-1.46,55.25,123.43,mustard,0
16.47,30.3,294.0,mustard,0
17.69,76.57,196.69,wheat,0
43.46,36.49,18.15,sorghum,0
19.09,74.32,87.95,potato,1
49.88,55.8,127.76,rice,0
25.16,55.69,115.13,maize,1
26.17,62.21,103.84,mango,1
36.64,27.64,39.15,groundnut,0
23.84,49.23,59.28,mustard,1
35.06,45.52,22.64,mango,0
12.96,101.38,317.22,sugarcane,0
24.2,62.7,120.57,maize,1
17.3,72.53,95.64,potato,1
33.01,58.23,7.54,tomato,0
25.75,58.19,107.73,mango,1
23.88,49.76,41.86,wheat,1
5.12,88.08,183.62,soybean,0
37.0,96.56,95.77,banana,0
28.04,77.62,187.41,rice,1
26.44,55.41,104.38,mango,1
16.86,51.36,67.74,wheat,1
29.18,35.44,69.65,millet,1
31.4,22.46,14.6,wheat,0
32.51,77.04,204.47,rice,1
15.29,51.14,47.89,wheat,1
22.38,67.09,45.37,tomato,1
25.51,55.56,99.93,groundnut,1
28.74,48.77,61.05,cotton,1
28.7,56.96,129.34,maize,1
21.0,67.05,90.85,soybean,1
16.39,69.87,71.15,potato,1
28.5,56.41,101.67,maize,1
25.11,78.8,208.05,rice,1
15.31,74.82,184.95,sugarcane,0
16.7,65.04,253.12,mango,0
26.2,56.46,102.48,maize,1
21.46,54.08,43.58,wheat,1
45.29,58.03,12.08,sugarcane,0
7.76,67.02,193.14,banana,0
32.69,75.12,181.33,banana,1
-0.72,72.63,135.52,mustard,0
6.66,75.2,184.29,maize,0
24.18,46.94,81.98,sunflower,1
42.44,48.75,171.28,banana,0
24.72,52.07,68.09,cotton,1
6.95,99.28,162.78,potato,0
36.97,20.47,0.0,mustard,0
15.74,67.4,72.45,potato,1
30.61,79.11,201.0,banana,1
11.29,95.46,313.18,sugarcane,0
19.55,72.23,87.46,potato,1
39.66,40.21,42.39,mango,0
28.84,77.56,209.54,banana,1
47.54,25.88,4.46,sorghum,0
28.65,43.53,43.6,millet,1
37.87,32.46,10.45,wheat,0
29.41,59.62,99.16,mango,1
28.21,48.2,75.62,cotton,1
11.02,77.36,175.95,cotton,0
22.15,68.51,86.36,soybean,1
13.67,42.62,26.41,mustard,1
18.61,72.88,60.2,potato,1
31.68,67.7,44.87,mustard,0
9.61,75.56,315.29,sunflower,0
35.76,21.53,0.0,mustard,0
36.69,39.15,25.91,sunflower,0
4.16,60.98,86.92,mustard,0
28.73,56.22,61.14,groundnut,1
47.72,50.95,49.85,banana,0
24.22,53.47,43.7,wheat,1
37.31,30.52,6.36,maize,0
28.72,79.51,189.75,sugarcane,1
25.34,46.87,81.48,sunflower,1
33.55,15.88,0.0,mustard,0
15.98,70.0,215.05,rice,0
41.86,36.77,77.57,maize,0
18.42,49.95,29.12,mustard,1
18.58,69.19,127.17,millet,0
21.82,70.53,62.4,tomato,1
30.37,36.58,31.16,millet,1
23.86,59.2,90.89,groundnut,1
48.75,20.41,6.27,millet,0
22.47,58.43,104.55,maize,1
41.07,52.18,12.87,soybean,0
14.01,98.55,252.64,rice,0
24.37,54.13,47.0,wheat,1
33.24,29.77,306.63,sugarcane,0
26.85,76.94,207.93,banana,1
22.26,44.31,31.39,mustard,1
21.2,71.89,77.0,tomato,1
29.32,90.67,300.97,cotton,0
43.73,20.8,1.63,millet,0
42.89,42.36,4.25,maize,0
32.02,81.63,189.34,banana,1
25.6,48.2,61.9,cotton,1
18.48,67.19,65.25,potato,1
18.91,65.73,61.23,potato,1
41.84,61.64,54.65,banana,0
6.26,33.58,89.91,tomato,0
25.27,39.85,35.07,millet,1
41.87,44.05,1.25,tomato,0
22.75,41.55,271.27,onion,0
26.56,61.9,83.93,mango,1
14.0,66.95,345.57,sorghum,0
26.28,50.63,77.77,cotton,1
25.15,65.29,85.52,soybean,1
11.21,50.5,164.49,millet,0
27.18,36.39,53.23,millet,1
10.07,40.7,188.38,mustard,0
18.65,49.26,24.53,mustard,1
17.91,51.95,59.64,wheat,1
18.38,40.16,32.82,mustard,1
4.28,65.16,145.23,mustard,0
22.23,62.63,46.09,onion,1
29.4,45.16,84.74,sunflower,1
20.3,97.72,277.54,banana,0
27.54,53.5,79.07,cotton,1
17.35,72.04,63.77,potato,1
18.68,69.99,189.24,sorghum,0
24.96,47.69,28.08,mustard,1
32.23,30.32,0.92,wheat,0
28.51,53.48,52.6,sorghum,1
4.48,81.07,104.68,tomato,0
20.74,50.35,68.92,wheat,1
22.92,56.6,121.93,maize,1
24.32,79.45,212.54,rice,1
40.27,90.27,22.88,sorghum,0
22.33,50.59,99.29,groundnut,1
49.03,57.93,49.43,rice,0
30.85,51.05,67.12,cotton,1
29.12,60.62,89.74,soybean,1
7.85,57.7,11.94,onion,0
44.26,38.21,26.38,sorghum,0
38.02,45.75,53.14,mango,0
33.56,75.46,213.38,rice,1
12.58,49.46,28.87,mustard,1
39.69,17.37,0.0,mustard,0
28.02,35.15,43.4,groundnut,0
14.16,70.75,120.4,cotton,0
20.46,76.44,170.62,sorghum,0
17.89,47.07,68.2,wheat,1
20.76,44.63,20.97,mustard,1
19.62,72.95,74.93,potato,1
10.56,84.82,148.78,soybean,0
30.67,51.09,171.47,maize,0
34.76,83.04,205.1,banana,1
25.3,32.38,168.77,rice,0
37.69,84.77,204.94,sugarcane,1
41.63,97.8,275.38,groundnut,0
42.88,32.63,34.81,groundnut,0
35.25,39.13,6.36,onion,0
22.12,51.34,69.59,wheat,1
42.39,65.77,12.75,banana,0
17.73,37.71,6.33,soybean,0
27.19,83.06,181.76,sugarcane,1
5.57,81.37,145.69,onion,0
37.27,48.58,1.62,onion,0
25.66,37.08,57.76,millet,1
28.69,46.64,60.02,sunflower,1
28.91,84.73,209.72,banana,1
2.48,99.45,180.3,potato,0
26.84,83.64,204.57,banana,1
17.84,69.68,83.72,potato,1
29.21,80.12,190.54,banana,1
28.29,56.34,120.04,maize,1
11.22,85.88,164.66,maize,0
15.13,83.68,192.01,mango,0
33.04,40.74,36.85,millet,1
24.19,70.27,94.26,millet,0
29.97,46.23,6.94,onion,0
25.94,53.97,59.05,sunflower,1
44.49,31.83,38.02,groundnut,0
12.46,89.06,41.46,tomato,0
19.1,65.85,84.03,potato,1
26.46,84.2,184.1,banana,1
21.09,74.58,219.94,rice,1
12.05,89.35,163.17,tomato,0
28.3,43.61,42.99,millet,1
22.38,50.28,98.67,groundnut,1
22.23,54.57,95.64,groundnut,1
27.73,48.25,62.29,cotton,1
26.58,79.94,182.32,banana,1
5.53,95.04,258.86,rice,0
20.33,68.07,76.03,tomato,1
33.29,73.24,342.31,millet,0
20.78,66.05,78.56,soybean,1
29.63,77.74,181.08,banana,1
13.41,62.81,126.57,mustard,0
12.28,94.71,313.92,sugarcane,0
12.76,89.6,304.15,rice,0
40.62,41.87,141.55,tomato,0
28.49,51.45,71.87,groundnut,1
27.47,60.93,110.44,mango,1
33.75,84.59,207.41,banana,1
10.98,89.49,114.42,tomato,0
21.72,75.9,188.14,sugarcane,1
21.66,48.49,93.95,cotton,1
26.96,62.97,133.98,maize,1
41.11,17.31,6.19,millet,0
42.58,67.91,149.53,banana,0
32.47,43.98,39.2,millet,1
3.84,76.39,126.82,onion,0
16.29,63.14,54.79,onion,1
30.53,53.19,71.79,cotton,1
23.63,54.04,74.93,groundnut,1
22.21,46.08,60.85,cotton,1
47.16,26.45,18.8,sorghum,0
21.96,67.17,53.95,tomato,1
13.55,49.43,277.23,sunflower,0
40.29,28.37,22.29,sorghum,0
26.56,64.68,80.18,mango,1
12.9,100.93,304.48,sugarcane,0
19.57,70.1,69.72,potato,1
29.81,83.56,218.15,banana,1
21.42,49.36,84.84,sunflower,1
8.99,93.66,133.76,banana,0
1.82,60.48,152.24,mustard,0
30.33,62.45,67.87,rice,0
6.4,87.98,133.74,onion,0
12.55,91.26,100.99,tomato,0
11.08,55.01,129.78,millet,0
31.9,75.96,206.53,banana,1
39.39,37.89,19.43,sunflower,0
34.09,54.8,0.06,potato,0
26.62,39.59,52.82,millet,1
46.96,26.66,6.71,sorghum,0
4.08,63.11,119.71,mustard,0
36.08,26.13,22.92,sunflower,0
18.14,63.61,70.09,sunflower,0
38.82,35.25,211.41,sorghum,0
20.36,62.35,87.61,soybean,1
23.04,53.62,67.55,cotton,1
11.19,23.02,124.48,maize,0
29.64,42.2,108.47,wheat,0
19.78,67.56,88.03,potato,1
11.79,69.97,129.33,millet,0
44.98,10.53,1.79,millet,0
17.45,56.72,59.59,onion,1
39.19,27.27,39.0,cotton,0
35.41,56.87,238.47,sunflower,0
2.22,71.79,85.28,mustard,0
24.32,97.51,208.8,onion,0
44.48,49.05,12.92,mango,0
43.42,25.31,2.28,sorghum,0
29.45,40.8,46.76,millet,1
14.03,44.3,44.36,mustard,1
23.36,51.0,73.95,groundnut,1
17.83,77.45,213.23,mango,0
15.6,71.35,135.63,wheat,0
13.64,89.58,115.0,rice,0
28.11,57.42,117.02,mango,1
45.0,56.04,124.84,banana,0
14.64,59.75,57.83,onion,1
19.78,93.89,38.86,soybean,0
19.84,57.28,2.78,potato,0
48.5,64.42,20.21,sugarcane,0
32.34,82.06,191.65,sugarcane,1
31.99,30.46,0.0,mustard,0
33.86,77.88,205.0,rice,1
46.98,20.13,3.52,millet,0
5.03,53.53,337.66,banana,0
28.98,58.75,96.93,mango,1
20.08,63.15,104.14,maize,1
17.47,31.65,176.13,sugarcane,0
29.14,60.97,130.95,maize,1
15.87,61.05,35.07,onion,1
46.33,55.66,115.31,banana,0
7.61,78.45,209.05,maize,0
8.44,89.31,146.99,tomato,0
18.81,71.33,51.68,tomato,1
31.16,39.47,38.23,millet,1
14.16,96.91,316.98,banana,0
47.92,58.73,18.83,banana,0
26.97,50.72,51.61,sorghum,1
18.59,60.07,43.16,onion,1
36.32,30.52,78.88,maize,0
18.83,69.13,89.31,potato,1
27.69,62.6,108.41,soybean,1
17.67,70.67,84.87,potato,1
0.63,94.61,183.26,potato,0
21.59,78.35,216.04,sugarcane,1
17.73,56.85,49.09,onion,1
44.13,61.43,148.68,sugarcane,0
34.44,45.22,14.42,potato,0
16.94,93.63,17.16,maize,0
9.01,82.87,167.7,mango,0
21.69,59.96,140.51,potato,0
40.61,59.84,39.35,potato,0
14.28,81.82,128.82,sugarcane,0
20.04,73.12,71.37,tomato,1
13.08,73.04,157.36,cotton,0
26.55,39.61,64.61,millet,1
8.32,100.26,270.18,rice,0
29.59,70.25,191.0,rice,1
15.67,65.36,80.82,maize,0
25.9,56.07,82.62,groundnut,1
31.76,15.04,0.0,mustard,0
42.67,39.81,33.41,cotton,0
7.57,98.59,263.88,sugarcane,0
37.32,30.93,15.92,wheat,0
23.42,72.89,183.19,rice,1
13.03,78.03,160.94,groundnut,0
21.2,48.52,30.73,mustard,1
43.19,49.83,42.4,mango,0
10.18,65.4,114.45,banana,0
34.36,73.37,183.71,rice,1
30.49,84.27,217.88,banana,1
24.37,41.59,181.76,cotton,0
30.63,54.63,74.64,sorghum,1
24.83,59.38,124.45,maize,1
9.27,66.13,174.68,groundnut,0
21.34,56.8,64.45,onion,1
22.3,53.99,92.21,groundnut,1
31.54,77.67,209.94,sugarcane,1
24.65,50.94,76.14,groundnut,1
8.8,54.14,232.79,rice,0
27.67,73.85,203.06,rice,1
5.91,92.92,188.0,potato,0
7.17,88.95,164.76,onion,0
24.51,61.37,128.41,maize,1
-1.9,78.98,141.23,onion,0
33.71,21.05,322.36,maize,0
17.4,56.94,65.48,onion,1
22.79,97.56,244.17,maize,0
21.74,51.03,74.94,wheat,1
43.69,46.4,1.1,maize,0
15.96,57.7,36.47,onion,1
11.2,103.17,295.69,sugarcane,0
48.57,32.04,6.48,sorghum,0
35.17,24.69,14.58,sunflower,0
26.57,51.73,72.55,groundnut,1
-2.31,56.48,152.4,mustard,0
21.9,65.58,103.51,soybean,1
8.59,79.76,212.18,maize,0
41.06,20.95,11.05,sunflower,0
6.18,21.84,179.11,cotton,0
37.74,36.93,17.21,wheat,0
33.54,38.04,5.29,onion,0
25.41,60.53,100.84,mango,1
26.55,57.42,96.7,mango,1
37.86,80.37,209.91,sugarcane,1
41.65,42.99,57.39,sugarcane,0
30.24,41.56,1.06,mustard,0
25.68,70.29,214.04,rice,1
1.76,87.19,142.22,onion,0
23.77,50.51,65.72,sunflower,1
42.85,60.26,43.65,rice,0
20.09,61.18,109.83,soybean,1
28.73,58.45,105.16,mango,1
15.07,43.37,49.63,mustard,1
5.44,92.74,269.86,rice,0
23.74,58.63,60.12,onion,1
24.19,78.51,53.65,groundnut,0
11.53,90.77,192.38,soybean,0
30.84,78.44,204.9,sugarcane,1
26.97,52.58,96.89,groundnut,1
26.47,48.9,62.8,sorghum,1
37.38,83.77,321.04,potato,0
22.41,60.88,129.54,maize,1
23.73,68.63,63.97,tomato,1
52.61,68.45,10.72,sugarcane,0
19.06,66.72,162.84,sorghum,0
34.51,75.15,211.94,banana,1
29.96,56.67,94.32,mango,1
21.13,60.77,78.16,soybean,1
28.78,55.78,110.06,maize,1
7.41,99.17,130.72,soybean,0
12.47,91.81,160.8,tomato,0
22.41,49.02,49.37,wheat,1
22.41,62.93,83.47,soybean,1
3.55,76.78,167.62,wheat,0
25.2,63.78,121.26,maize,1
27.9,45.13,98.65,cotton,1
17.31,64.31,133.32,sorghum,0
8.71,87.13,287.81,onion,0
37.71,43.93,19.17,tomato,0
19.95,68.37,84.61,potato,1
40.86,26.96,19.33,sunflower,0
45.52,53.62,88.97,banana,0
4.96,85.95,155.83,potato,0
42.97,21.47,8.05,millet,0
38.23,36.05,28.16,groundnut,0
31.92,40.96,58.69,millet,1
25.4,57.53,104.58,maize,1
24.75,62.22,80.32,mango,1
20.77,53.37,77.33,sunflower,1
7.68,87.11,143.33,onion,0
7.79,65.2,127.13,sunflower,0
31.62,46.77,98.86,cotton,1
14.49,57.2,50.53,sugarcane,0
5.29,92.55,126.95,potato,0
38.39,30.75,7.79,sunflower,0
32.17,32.22,217.69,millet,0
6.3,43.33,296.23,tomato,0
17.65,65.32,137.49,millet,0
15.17,45.55,23.68,mustard,1
14.84,71.7,160.87,mango,0
12.53,60.65,153.71,cotton,0
37.2,20.96,8.76,wheat,0
26.32,77.56,64.45,maize,0
30.27,75.79,182.4,sugarcane,1
27.74,29.12,213.69,mustard,0
14.12,51.13,109.54,millet,0
14.08,90.92,285.84,sugarcane,0
8.99,81.12,118.14,tomato,0
19.21,72.42,92.85,potato,1
27.44,36.59,49.29,millet,1
38.63,43.18,23.34,groundnut,0
21.86,84.3,209.85,sugarcane,1
21.48,54.98,55.04,sunflower,1
20.4,79.41,139.85,sorghum,0
17.8,56.3,41.26,onion,1
28.03,69.52,84.85,soybean,1
36.87,42.16,8.14,soybean,0
23.74,53.23,81.38,cotton,1
17.49,45.13,56.61,mustard,1
14.98,71.72,182.08,sorghum,0
5.96,86.46,195.2,potato,0
16.68,75.98,183.1,sorghum,0
2.68,74.3,95.38,mustard,0
16.04,65.51,97.48,potato,1
14.54,52.63,238.49,sunflower,0
20.62,62.9,54.18,onion,1
16.85,40.38,46.92,mustard,1
9.38,98.97,249.71,rice,0
19.28,32.2,153.76,potato,0
19.93,63.46,100.23,maize,1
20.11,60.42,164.2,sorghum,0
21.78,77.64,204.25,rice,1
7.34,100.51,243.49,rice,0
34.64,78.11,215.26,rice,1
14.9,45.8,42.33,mustard,1
28.89,63.37,123.04,maize,1
43.02,62.44,139.41,cotton,0
21.18,72.98,42.41,tomato,1
11.76,83.69,60.83,mango,0
23.97,70.15,55.78,tomato,1
33.34,44.22,49.16,millet,1
19.18,68.19,91.18,potato,1
28.38,65.23,103.59,soybean,1
48.6,59.48,156.79,rice,0
37.94,39.18,27.34,sunflower,0
25.25,47.55,55.96,sunflower,1
25.99,55.35,99.03,groundnut,1
19.7,72.18,118.49,mustard,0
39.26,39.88,11.31,mango,0
29.37,57.17,124.26,maize,1
43.48,76.49,337.28,potato,0
12.68,67.82,175.81,cotton,0
43.77,53.68,54.48,banana,0
11.9,86.3,162.36,maize,0
10.06,93.43,130.67,tomato,0
43.78,56.96,108.45,sugarcane,0
32.95,43.55,37.12,potato,0
11.11,80.73,26.37,rice,0
21.61,46.38,98.48,cotton,1
26.66,45.62,85.54,sorghum,1
24.39,64.09,103.87,mango,1
35.38,23.36,9.15,wheat,0
20.83,20.65,302.77,rice,0
42.27,60.0,139.73,cotton,0
28.21,50.11,66.82,sunflower,1
30.49,37.71,67.73,millet,1
21.63,45.37,79.09,sunflower,1
32.74,78.22,184.22,rice,1
37.61,40.1,278.91,mustard,0
25.22,63.17,126.44,maize,1
21.87,58.14,294.77,mango,0
30.33,84.28,188.39,banana,1
28.33,43.89,34.12,millet,1
21.55,75.04,193.81,sugarcane,1
14.25,44.52,41.83,mustard,1
20.7,46.95,62.13,wheat,1
15.75,45.86,59.8,mustard,1
24.22,61.27,97.88,soybean,1
23.73,45.84,65.71,cotton,1
27.01,37.87,51.29,millet,1
16.95,72.6,197.02,groundnut,0
41.21,39.68,24.94,sunflower,0
19.22,47.41,55.26,mustard,1
15.26,102.09,280.53,banana,0
29.8,25.2,67.38,mango,0
24.88,52.24,60.03,wheat,1
20.47,23.69,7.09,banana,0
34.81,77.69,203.54,banana,1
46.93,68.53,111.79,banana,0
17.88,79.09,162.22,sorghum,0
29.52,48.06,76.14,sunflower,1
47.74,53.86,103.22,banana,0
4.29,80.59,112.67,onion,0
27.77,76.35,200.59,sugarcane,1
0.56,85.08,145.99,onion,0
29.62,61.34,110.94,maize,1
20.34,91.5,314.35,banana,0
43.98,92.99,237.57,sugarcane,0
32.74,39.37,7.72,onion,0
28.94,55.51,87.88,mango,1
29.75,35.36,35.43,millet,1
27.04,74.4,187.37,rice,1
10.95,46.28,58.93,mustard,1
7.27,42.24,129.57,potato,0
14.17,94.45,306.49,rice,0
22.95,48.39,77.56,wheat,1
44.63,70.51,64.45,potato,0
25.58,57.21,97.74,mango,1
8.43,60.53,121.14,sunflower,0
22.35,61.09,90.28,soybean,1
30.83,41.11,50.42,millet,1
22.55,46.99,60.36,wheat,1
29.16,46.23,55.59,sorghum,1
36.06,75.41,215.62,sugarcane,1
29.37,61.42,101.64,mango,1
0.35,58.21,89.62,mustard,0
15.29,50.48,45.77,onion,0
37.04,43.89,58.18,mango,0
16.87,64.27,146.68,millet,0
20.78,47.94,82.84,sunflower,1
27.14,50.99,63.8,groundnut,1
20.36,48.81,51.92,sunflower,1
31.12,90.63,292.9,soybean,0
6.83,85.91,165.67,onion,0
19.12,65.59,81.87,potato,1
23.74,52.67,94.57,cotton,1
43.5,56.13,18.38,rice,0
28.09,60.24,89.38,mango,1
28.71,78.31,198.17,banana,1
43.22,47.97,20.19,rice,0
-0.2,60.32,98.66,mustard,0
41.31,31.88,85.15,banana,0
49.26,64.42,90.82,sugarcane,0
43.04,51.76,43.6,soybean,0
33.08,81.03,205.28,banana,1
26.07,64.0,108.62,mango,1
20.99,57.34,61.21,onion,1
12.51,75.96,146.08,mango,0
24.87,56.83,74.1,groundnut,1
22.12,69.36,49.76,tomato,1
19.18,46.38,55.35,wheat,1
30.56,35.71,42.08,millet,1
6.42,94.76,284.43,sugarcane,0
23.83,64.44,78.98,soybean,1
9.59,78.31,130.07,soybean,0
12.74,45.24,38.43,mustard,1
35.9,42.07,4.79,onion,0
15.74,71.62,161.05,sorghum,0
41.75,62.83,107.86,banana,0
42.27,34.97,14.54,sorghum,0
6.23,76.43,143.19,cotton,0
8.75,83.44,177.59,tomato,0
-1.94,88.14,131.35,onion,0
35.94,40.89,38.93,mango,0
45.93,38.4,23.88,cotton,0
13.35,104.6,259.5,rice,0
12.88,77.54,218.16,mango,0
22.52,66.23,51.34,tomato,1
44.3,31.33,56.49,potato,0
8.2,73.42,63.53,banana,0
5.68,93.84,264.23,rice,0
19.55,72.86,80.89,potato,1
29.41,53.82,80.07,cotton,1
28.41,51.26,52.63,sorghum,1
17.76,54.37,69.0,wheat,1
48.55,25.62,6.13,millet,0
27.29,70.69,210.42,rice,1
39.3,48.18,61.6,maize,0
31.92,41.68,60.8,millet,1
27.82,35.31,47.27,millet,1
19.85,72.73,60.49,potato,1
32.0,46.88,175.97,millet,0
31.53,46.48,0.54,potato,0
22.98,74.02,40.72,tomato,1
16.34,71.8,88.67,potato,1
2.76,96.55,120.51,potato,0
26.75,25.93,188.65,sunflower,0
37.52,82.34,202.98,sugarcane,1
28.29,45.74,93.5,cotton,1
43.55,27.37,0.33,sorghum,0
42.63,34.73,24.41,groundnut,0
28.22,59.84,84.11,mango,1
14.74,57.06,57.82,onion,1
13.26,83.99,203.91,soybean,0
24.78,47.14,56.9,sunflower,1
27.69,44.27,53.05,millet,1
29.2,84.45,194.64,banana,1
23.55,74.17,78.64,tomato,1
38.08,67.03,222.17,soybean,0
1.18,86.89,161.31,onion,0
13.23,65.49,180.3,cotton,0
5.95,79.21,178.67,sunflower,0
8.1,85.41,175.56,tomato,0
12.96,66.07,227.2,maize,0
23.28,28.87,316.8,rice,0
11.01,84.85,144.12,soybean,0
7.84,91.1,4.22,wheat,0
19.97,61.51,62.65,sorghum,0
43.68,63.94,157.51,rice,0
27.87,84.37,218.74,banana,1
15.74,54.26,75.97,wheat,1
48.91,30.96,10.12,sorghum,0
36.05,56.61,102.7,rice,0
18.75,68.36,44.56,tomato,1
28.0,61.06,98.97,mango,1
31.28,28.29,203.67,rice,0
2.13,96.19,156.22,potato,0
1.37,76.3,177.11,wheat,0
49.23,22.94,6.27,millet,0
30.58,50.66,86.01,sorghum,1
19.01,69.29,74.52,potato,1
22.47,64.25,77.05,soybean,1
-1.93,73.48,96.96,mustard,0
18.22,61.06,222.18,sugarcane,0
6.14,70.28,112.57,onion,0
21.2,68.89,89.73,soybean,1
25.7,56.49,133.06,maize,1
24.37,54.62,44.69,wheat,1
48.98,16.13,7.89,millet,0
23.79,66.6,91.3,soybean,1
30.45,47.79,67.28,sorghum,1
23.05,63.75,127.91,maize,1
34.65,75.25,191.32,rice,1
15.44,63.52,57.79,onion,1
5.16,94.76,232.62,groundnut,0
14.81,107.2,255.0,banana,0
32.16,72.67,211.49,rice,1
27.76,71.21,188.99,rice,1
38.91,40.77,201.3,maize,0
20.36,62.25,107.74,maize,1
40.19,37.91,58.81,maize,0
10.61,93.07,305.95,sugarcane,0
31.62,54.64,68.86,sorghum,1
23.06,54.1,44.28,wheat,1
44.35,27.82,2.33,sorghum,0
29.88,51.54,90.75,cotton,1
20.66,74.5,50.08,tomato,1
4.35,65.99,123.17,mustard,0
42.38,32.71,37.99,groundnut,0
28.13,61.36,92.0,mango,1
49.76,17.89,4.9,millet,0
32.07,40.94,41.35,millet,1
11.38,77.67,303.61,onion,0
21.02,54.33,65.95,cotton,1
14.96,40.34,44.21,mustard,1
37.73,39.92,22.53,groundnut,0
17.97,69.23,66.7,potato,1
7.36,77.9,171.17,cotton,0
42.36,98.9,100.52,maize,0
9.28,67.55,287.68,cotton,0
37.15,37.38,260.01,banana,0
31.51,30.08,0.73,onion,0
22.68,59.75,67.74,onion,1
32.22,90.0,315.0,onion,0
9.81,53.17,211.05,mustard,0
8.52,38.93,128.08,tomato,0
41.06,58.15,6.59,tomato,0
13.19,83.39,170.82,groundnut,0
17.28,68.56,96.12,potato,1
22.21,50.48,62.64,cotton,1
28.89,45.3,55.82,sorghum,1
21.82,50.5,78.12,wheat,1
17.93,54.04,142.97,millet,0
30.03,49.9,81.16,cotton,1
20.75,73.15,62.04,tomato,1
12.67,41.29,58.32,mustard,1
28.57,74.73,211.38,rice,1
18.67,68.01,122.56,millet,0
10.27,84.89,198.05,sugarcane,0
26.57,56.13,61.81,groundnut,1
39.6,24.9,64.72,groundnut,0
4.17,71.05,145.95,onion,0
38.97,16.67,0.0,mustard,0
16.73,54.12,53.69,wheat,1
16.19,59.33,32.29,onion,1
23.02,79.31,345.7,onion,0
29.59,62.36,88.45,soybean,1
15.54,56.26,68.64,onion,1
22.48,70.59,67.42,tomato,1
17.61,47.36,70.15,wheat,1
25.73,77.15,218.47,sugarcane,1
46.25,31.67,4.8,cotton,0
36.66,83.65,199.16,sugarcane,1
30.8,45.16,77.67,sorghum,1
7.02,78.12,100.49,onion,0
28.41,49.63,68.96,sorghum,1
19.91,46.68,71.8,wheat,1
41.24,22.31,2.63,sorghum,0
41.52,28.74,222.75,sorghum,0
26.65,49.75,70.28,sunflower,1
16.64,54.84,49.76,wheat,1
11.7,94.2,122.35,tomato,0
34.51,33.02,0.0,mustard,0
44.69,27.43,9.74,millet,0
2.27,92.32,191.49,potato,0
42.31,31.22,224.78,soybean,0
32.28,48.05,66.27,sorghum,1
19.23,32.42,304.15,banana,0
26.45,75.93,209.42,sugarcane,1
46.61,45.52,2.38,rice,0
10.49,55.83,141.12,millet,0
19.49,68.69,65.57,potato,1
18.36,73.82,91.89,potato,1
10.75,104.85,263.62,rice,0
30.84,44.76,48.55,millet,1
29.85,68.38,85.82,soybean,1
25.48,64.52,119.5,mango,1
14.54,64.46,189.93,cotton,0
45.08,27.63,9.65,sorghum,0
5.2,62.22,156.6,sunflower,0
5.25,102.17,271.06,sugarcane,0
27.66,67.11,88.79,soybean,1
30.76,52.62,19.39,potato,0
6.07,79.86,156.04,soybean,0
13.62,55.92,60.25,sunflower,0
23.61,81.77,217.66,sugarcane,1
32.04,81.31,192.8,banana,1
31.71,84.69,209.96,banana,1
18.83,66.07,79.74,potato,1
8.09,61.84,167.78,wheat,0
28.1,80.33,206.87,sugarcane,1
43.87,55.5,33.28,banana,0
25.84,58.44,86.39,groundnut,1
14.14,106.21,246.19,sugarcane,0
21.02,26.29,304.68,rice,0
38.21,39.55,18.11,soybean,0
14.08,79.75,115.7,sorghum,0
2.02,72.63,90.35,onion,0
36.02,97.61,142.71,onion,0
23.97,67.91,51.5,tomato,1
27.91,50.07,273.18,sunflower,0
21.1,76.1,211.37,sugarcane,1
11.68,81.97,228.84,maize,0
33.38,39.71,17.86,wheat,0
19.49,66.84,64.23,potato,1
7.69,61.04,115.5,sunflower,0
50.2,52.86,90.04,sugarcane,0
19.85,40.26,44.62,mustard,1
5.36,92.92,226.58,wheat,0
41.95,43.37,30.13,maize,0
23.82,77.09,180.07,rice,1
45.03,48.37,150.66,rice,0
23.58,45.95,61.13,wheat,1
29.01,75.64,208.88,banana,1
31.37,51.72,64.12,sorghum,1
16.83,70.57,74.74,potato,1
32.55,49.89,54.89,sorghum,1
47.91,62.72,50.5,rice,0
31.28,65.6,331.63,maize,0
38.09,44.1,41.9,maize,0
37.67,24.23,62.93,sunflower,0
41.87,70.2,342.11,sunflower,0
42.68,48.25,45.24,maize,0
31.96,80.5,205.0,banana,1
18.98,57.81,133.06,maize,1
14.22,41.62,48.57,mustard,1
7.53,99.19,132.24,potato,0
42.4,31.84,5.64,sorghum,0
37.87,26.77,14.69,groundnut,0
27.34,65.39,74.85,soybean,1
33.16,28.04,58.23,rice,0
28.71,50.02,67.25,cotton,1
16.07,42.61,47.38,mustard,1
25.77,58.89,120.44,maize,1
13.07,59.23,63.22,onion,1
31.84,40.46,42.86,millet,1
32.37,52.07,72.44,sorghum,1
9.88,89.81,176.91,soybean,0
39.26,22.46,15.92,sorghum,0
7.95,49.83,108.64,onion,0
19.05,65.83,96.07,potato,1
19.47,52.04,43.12,wheat,1
26.47,74.24,198.68,rice,1
7.26,75.1,134.34,wheat,0
28.42,53.82,80.94,cotton,1
8.68,94.83,112.18,tomato,0
19.83,71.55,87.46,potato,1
10.48,61.19,126.88,sunflower,0
26.95,55.89,87.48,mango,1
27.57,46.61,0.92,potato,0
34.18,77.77,197.06,sugarcane,1
23.7,83.54,203.5,sugarcane,1
35.42,40.17,38.0,groundnut,0
42.45,44.45,20.6,mango,0
0.25,71.81,134.6,onion,0
15.01,69.45,63.63,potato,1
41.14,65.52,39.5,banana,0
21.53,77.72,214.01,rice,1
18.26,71.51,164.27,sorghum,0
22.93,52.28,72.26,cotton,1
31.0,83.31,48.16,rice,0
24.37,54.62,77.04,wheat,1
39.88,47.98,56.23,maize,0
25.13,55.7,112.92,mango,1
21.67,43.07,150.83,sorghum,0
43.31,58.22,106.15,banana,0
43.2,27.96,5.04,millet,0
22.95,77.33,189.26,sugarcane,1
5.33,92.3,250.51,rice,0
9.37,93.0,275.18,rice,0
26.32,59.57,86.74,groundnut,1
24.25,62.86,106.37,maize,1
24.06,45.9,99.79,cotton,1
30.65,53.53,96.27,cotton,1
42.32,61.76,290.14,millet,0
18.97,48.73,56.24,wheat,1
12.59,45.77,42.67,mustard,1
26.1,72.17,46.09,tomato,1
27.53,62.17,71.09,soybean,1
29.23,53.35,58.92,sunflower,1
18.53,58.29,53.91,onion,1
22.47,50.98,75.34,sunflower,1
26.07,75.14,192.89,banana,1
21.98,64.3,49.62,onion,1
16.93,46.13,46.5,wheat,1
34.76,82.97,186.33,banana,1
33.05,40.48,128.22,maize,0
31.04,74.97,56.93,wheat,0
27.47,48.91,64.87,sunflower,1
10.44,70.37,214.74,maize,0
25.89,35.87,113.28,sugarcane,0
44.28,37.31,7.58,sunflower,0
18.04,70.92,97.6,potato,1
35.6,89.14,47.89,tomato,0
14.1,24.88,135.49,wheat,0
27.28,69.51,100.51,soybean,1
23.49,71.01,191.12,rice,1
29.06,63.46,106.71,mango,1
41.05,44.38,12.34,mango,0
21.84,70.74,67.6,tomato,1
25.74,55.73,126.87,maize,1
26.19,57.72,83.94,groundnut,1
27.33,52.67,81.52,sunflower,1
18.51,72.21,204.44,mango,0
15.05,78.83,309.57,mustard,0
21.2,67.03,76.45,tomato,1
43.87,41.36,14.44,groundnut,0
8.42,79.08,222.07,maize,0
22.93,56.43,123.31,maize,1
14.43,50.72,104.15,millet,0
28.71,53.65,82.06,cotton,1
27.64,69.53,70.85,soybean,1
19.18,59.19,42.91,onion,1
38.72,81.24,201.83,mango,0
22.31,61.8,113.26,maize,1
12.17,23.6,243.25,onion,0
34.62,79.08,181.82,banana,1
8.98,77.13,142.78,groundnut,0
35.54,47.36,248.46,millet,0
30.66,35.6,108.27,mustard,0
43.96,20.45,6.77,millet,0
27.61,60.59,89.74,soybean,1
22.66,50.31,62.13,sunflower,1
21.52,45.51,68.85,sunflower,1
25.92,54.91,72.86,groundnut,1
26.61,71.13,66.4,tomato,1
44.51,61.22,133.98,rice,0
17.46,72.65,88.17,potato,1
29.46,57.68,129.32,maize,1
26.53,88.11,15.26,potato,0
36.49,31.47,5.35,onion,0
39.76,28.95,39.52,groundnut,0
17.84,73.01,68.12,potato,1
39.49,28.98,18.98,wheat,0
29.97,49.56,61.38,sunflower,1
18.01,49.93,42.53,wheat,1
15.88,69.72,120.22,millet,0
10.8,83.94,160.45,groundnut,0
12.46,60.41,155.37,sunflower,0
35.05,39.37,2.64,onion,0
39.85,22.49,8.96,sorghum,0
43.93,60.77,47.37,banana,0
33.17,79.47,183.43,rice,1
30.89,47.72,10.9,potato,0
11.85,62.15,279.66,sorghum,0
28.07,55.52,109.55,mango,1
6.29,74.15,303.47,soybean,0
19.49,69.1,98.03,potato,1
29.04,63.52,83.73,soybean,1
30.23,44.4,64.81,millet,1
6.84,85.27,152.19,tomato,0
13.96,95.28,309.46,sugarcane,0
26.73,74.22,191.14,rice,1
8.54,91.11,208.0,soybean,0
37.04,15.5,0.0,mustard,0
38.83,82.65,183.44,soybean,0
22.36,71.74,183.0,rice,1
24.05,47.51,87.47,sunflower,1
19.22,70.69,95.87,potato,1
25.37,40.2,12.07,potato,0
31.52,99.59,311.99,mango,0
30.07,39.99,19.33,wheat,0
40.07,22.78,2.73,millet,0
27.23,47.82,63.31,sunflower,1
16.8,79.5,243.28,soybean,0
28.03,50.35,85.98,sunflower,1
26.95,74.82,44.19,tomato,1
22.71,53.81,61.28,cotton,1
48.94,50.77,84.74,banana,0
41.43,18.01,5.91,millet,0
14.53,80.4,153.82,groundnut,0
17.85,70.78,85.77,potato,1
51.02,62.92,13.33,sugarcane,0
41.49,37.79,38.32,cotton,0
45.18,57.45,79.76,rice,0
7.4,80.0,180.78,groundnut,0
14.33,90.43,285.6,sugarcane,0
13.39,52.25,128.32,millet,0
33.56,81.58,215.19,banana,1
27.68,45.47,50.73,sorghum,1
48.34,61.26,60.61,banana,0
9.11,37.92,288.91,cotton,0
6.25,47.12,166.53,tomato,0
26.6,36.01,140.81,millet,0
29.39,49.4,87.24,sorghum,1
35.47,41.97,2.02,tomato,0
27.14,54.58,96.84,cotton,1
39.42,67.09,314.75,banana,0
25.44,69.02,55.91,tomato,1
20.97,46.06,29.35,mustard,1
28.76,75.03,214.11,rice,1
19.66,107.54,309.72,banana,0
43.99,25.41,184.12,rice,0
21.68,49.04,58.72,sunflower,1
39.66,36.64,1.85,sunflower,0
47.99,50.84,87.3,sugarcane,0
22.73,56.55,96.47,groundnut,1
24.49,69.01,49.81,tomato,1
21.14,62.56,226.54,potato,0
29.0,75.88,215.14,banana,1
26.5,46.09,8.13,sorghum,0
15.93,65.15,99.11,potato,1
21.37,79.62,213.44,rice,1
39.92,28.56,19.91,wheat,0
36.66,30.07,81.44,maize,0
43.71,32.79,17.25,sunflower,0
7.37,71.66,179.58,wheat,0
30.14,24.31,18.45,wheat,0
33.74,48.73,89.41,sorghum,1
29.98,42.31,58.49,millet,1
29.09,39.72,50.53,banana,0
21.06,62.32,81.15,soybean,1
32.39,41.59,44.79,millet,1
39.19,29.38,119.98,cotton,0
11.55,80.87,160.46,maize,0
22.44,65.95,41.74,tomato,1
48.06,29.41,4.24,millet,0
31.22,51.97,85.51,sorghum,1
26.48,59.76,81.67,mango,1
10.39,91.89,169.86,maize,0
26.2,40.53,12.04,potato,0
22.41,47.99,54.74,mustard,1
6.29,73.24,156.21,cotton,0
11.33,83.95,132.79,groundnut,0
23.78,64.01,102.73,soybean,1
31.51,78.35,203.31,banana,1
28.78,68.41,105.0,soybean,1
19.58,58.13,64.98,onion,1
37.93,89.05,324.65,soybean,0
42.03,39.02,24.53,sugarcane,0
27.64,70.91,181.88,rice,1
24.28,77.06,206.36,sugarcane,1
23.42,61.18,86.34,soybean,1
29.31,62.1,126.97,maize,1
31.13,76.71,194.57,rice,1
22.73,48.91,71.15,sunflower,1
4.5,80.36,150.87,tomato,0
20.1,64.13,100.1,soybean,1
31.24,17.7,0.0,mustard,0
12.39,77.48,134.45,sorghum,0
18.0,73.89,63.99,potato,1
25.93,43.02,57.94,millet,1
16.65,103.43,278.85,banana,0
23.23,47.48,53.85,wheat,1
18.63,66.71,74.1,potato,1
9.23,78.81,233.94,maize,0
27.18,50.82,78.07,groundnut,1
28.42,46.16,86.17,sunflower,1
23.89,46.55,58.66,mustard,1
26.65,65.39,56.01,tomato,1
28.9,47.81,86.18,sorghum,1
14.12,72.28,182.22,groundnut,0
11.8,48.43,51.09,mustard,1
39.37,63.11,304.95,mango,0
9.54,75.41,101.34,wheat,0
30.48,82.68,214.34,sugarcane,1
4.89,68.92,176.84,wheat,0
35.08,27.63,0.0,mustard,0
15.22,40.24,32.11,mustard,1
5.07,72.57,140.08,wheat,0
0.69,69.3,122.58,wheat,0
15.77,56.8,30.51,onion,1
23.73,46.52,80.45,cotton,1
29.9,58.97,108.15,maize,1
27.22,58.51,132.18,maize,1
18.27,71.95,70.66,potato,1
13.03,98.27,249.39,sugarcane,0
28.06,65.64,94.4,soybean,1
27.84,59.6,96.06,mango,1
22.33,62.56,69.5,onion,1
33.51,16.41,0.0,mustard,0
34.64,97.86,125.8,cotton,0
11.9,84.95,90.83,mustard,0
28.93,41.45,34.34,millet,1
24.97,69.17,38.92,banana,0
32.18,96.22,49.97,rice,0
18.42,58.82,52.98,onion,1
39.91,67.76,186.94,soybean,0
23.76,69.23,317.05,rice,0
27.03,55.93,126.38,maize,1
49.08,68.61,59.87,banana,0
18.31,66.55,70.08,potato,1
18.59,86.89,166.44,mango,0
42.37,30.67,25.72,sunflower,0
24.62,78.99,211.84,rice,1
37.21,22.31,45.8,mustard,0
27.1,60.39,97.52,soybean,1
31.8,44.19,67.47,millet,1
15.93,59.82,56.34,onion,1
31.54,50.33,60.12,sorghum,1
23.17,73.27,210.45,rice,1
39.03,36.25,104.7,mango,0
22.55,70.85,200.62,rice,1
47.31,68.26,118.68,sugarcane,0
12.46,47.52,20.04,mustard,1
35.96,48.74,37.85,maize,0
29.55,64.01,91.63,mango,1
41.95,30.04,16.4,sorghum,0
19.9,65.22,56.47,tomato,1
27.43,57.09,90.47,mango,1
17.59,47.19,26.16,mustard,1
26.89,60.6,82.66,mango,1
19.28,68.36,114.07,millet,0
22.09,58.87,60.06,onion,1
43.87,38.31,28.75,mango,0
29.02,51.51,97.21,cotton,1
21.83,63.71,60.47,wheat,0
29.38,48.16,52.54,sorghum,1
41.99,21.79,4.43,sunflower,0
48.99,53.9,14.05,rice,0
40.14,20.52,7.73,millet,0
32.33,24.5,0.0,mustard,0
9.63,66.29,111.19,wheat,0
15.64,73.76,69.75,potato,1
18.56,61.33,126.89,maize,1
22.64,79.58,200.72,rice,1
43.96,35.0,30.53,maize,0
11.96,65.44,125.96,sunflower,0
24.45,61.26,88.15,soybean,1
28.43,52.43,86.37,sorghum,1
38.32,27.97,0.0,mustard,0
43.33,52.4,131.96,potato,0
24.35,97.0,212.04,cotton,0
38.43,24.75,25.89,sunflower,0
1.25,57.81,106.97,mustard,0
42.22,25.09,4.86,cotton,0
26.24,56.34,139.85,maize,1
3.62,55.45,98.26,mustard,0
26.45,63.64,105.91,mango,1
16.07,54.83,51.38,wheat,1
33.24,81.09,197.13,banana,1
16.12,70.29,287.04,maize,0
23.11,68.57,71.59,tomato,1
37.35,34.84,21.23,maize,0
40.61,49.94,41.94,maize,0
26.9,63.22,106.49,mango,1
13.46,83.69,149.31,mango,0
6.23,70.5,196.29,maize,0
30.71,39.44,3.92,onion,0
-0.2,76.53,150.72,onion,0
32.99,52.62,266.66,banana,0
13.33,49.41,41.85,mustard,1
20.28,46.4,337.11,sugarcane,0
28.27,59.44,86.75,groundnut,1
12.25,27.81,44.78,wheat,0
15.88,66.81,266.5,banana,0
12.37,73.36,161.74,cotton,0
24.65,58.65,104.4,mango,1
37.87,37.98,59.9,maize,0
28.72,55.56,332.93,sugarcane,0
23.92,93.07,133.43,rice,0
20.26,53.15,50.69,wheat,1
25.23,52.79,76.03,cotton,1
10.99,79.81,153.7,cotton,0
42.23,25.8,22.33,cotton,0
25.9,73.04,41.25,tomato,1
42.52,50.34,21.55,soybean,0
19.09,52.69,70.63,wheat,1
16.02,44.67,57.09,mustard,1
29.71,49.1,6.81,onion,0
18.07,67.36,77.27,tomato,1
24.43,75.2,199.89,sugarcane,1
37.8,38.07,11.9,groundnut,0
42.13,60.25,122.69,banana,0
22.41,71.35,62.84,tomato,1
10.42,66.52,156.77,millet,0
10.38,22.23,26.08,sugarcane,0
25.8,68.5,49.73,tomato,1
28.87,52.26,97.23,groundnut,1
19.91,48.56,77.65,wheat,1
22.21,50.28,78.82,groundnut,1
18.13,53.61,211.9,potato,0
36.96,49.94,165.52,soybean,0
28.35,68.07,83.83,soybean,1
18.33,41.82,24.01,mustard,1
42.86,53.04,49.85,banana,0
40.05,82.79,250.83,sorghum,0
27.87,47.19,86.61,sunflower,1
36.85,34.69,18.76,mango,0
23.87,70.14,47.97,tomato,1
21.86,49.09,56.67,sunflower,1
6.96,70.53,175.53,cotton,0
33.59,41.89,15.43,tomato,0
28.53,44.78,41.78,millet,1
17.68,44.96,287.76,sunflower,0
20.33,67.71,44.64,tomato,1
36.82,76.26,208.02,sugarcane,0
38.71,20.73,0.35,sunflower,0
18.89,67.66,77.04,tomato,1
35.8,44.48,10.53,groundnut,0
17.17,53.64,42.26,wheat,1
24.88,68.22,84.78,soybean,1
21.55,72.46,44.86,tomato,1
41.9,48.07,37.09,maize,0
36.64,40.05,13.37,tomato,0
8.32,71.92,140.93,groundnut,0
23.61,55.18,61.43,groundnut,1
8.0,97.28,164.5,tomato,0
15.43,80.07,169.51,mango,0
31.37,69.51,315.12,groundnut,0
28.45,49.07,56.77,sorghum,1
13.7,73.19,142.0,cotton,0
29.48,81.84,219.31,sugarcane,1
32.47,48.41,70.2,sorghum,1
28.64,60.9,80.72,mango,1
47.87,60.21,145.02,banana,0
34.9,83.79,201.79,banana,1
28.34,85.88,271.73,mustard,0
19.62,53.07,68.93,wheat,1
5.59,90.22,118.46,tomato,0
29.26,50.03,60.43,cotton,1
16.06,55.66,30.6,onion,1
11.95,92.33,181.05,cotton,0
13.89,55.16,50.48,onion,1
19.65,72.08,83.6,potato,1
27.42,61.88,97.9,mango,1
18.72,61.37,61.42,onion,1
16.71,61.99,115.08,sorghum,0
18.64,62.76,56.35,onion,1
20.05,80.61,211.07,sugarcane,1
26.43,70.13,60.24,tomato,1
42.65,53.83,320.55,rice,0
20.71,64.16,99.57,soybean,1
11.8,46.75,40.49,mustard,1
43.77,53.86,15.39,soybean,0
31.98,83.24,183.11,sugarcane,1
41.9,41.21,39.83,groundnut,0
18.23,60.75,41.25,onion,1
9.32,62.77,110.36,banana,0
9.85,88.06,111.8,tomato,0
32.26,72.99,206.54,rice,1
39.5,83.37,131.19,groundnut,0
4.34,85.37,122.36,tomato,0
34.75,27.39,0.0,mustard,0
13.67,79.98,152.02,soybean,0
30.21,50.88,70.76,sorghum,1
20.63,53.3,66.69,sunflower,1
19.93,58.99,45.32,onion,1
15.97,44.57,43.77,mustard,1
29.93,58.2,96.83,mango,1
8.58,73.7,177.8,wheat,0
29.57,69.94,19.91,mango,0
41.48,31.38,26.0,sunflower,0
28.17,51.68,73.18,sunflower,1
27.54,65.05,65.88,wheat,0
47.4,64.04,98.22,banana,0
23.85,42.17,42.47,mustard,1
33.64,76.28,207.2,banana,1
15.69,67.97,84.08,potato,1
27.51,56.25,92.34,mango,1
38.83,41.97,16.81,mango,0
3.04,98.92,139.73,tomato,0
42.44,95.26,239.73,potato,0
-3.77,67.29,118.34,mustard,0
18.69,54.26,5.92,potato,0
26.32,83.13,210.52,banana,1
21.13,66.02,68.06,tomato,1
39.1,25.32,28.66,sorghum,0
17.87,73.65,76.49,potato,1
36.72,82.68,106.94,mango,0
34.43,43.89,241.41,groundnut,0
23.04,38.11,308.32,potato,0
-0.79,73.27,108.04,onion,0
24.87,62.24,76.77,soybean,1
39.12,35.42,19.33,sorghum,0
15.91,41.4,53.06,mustard,1
31.19,43.63,69.47,millet,1
32.92,46.11,4.85,potato,0
24.35,49.26,33.03,mustard,1
28.47,56.46,129.28,maize,1
36.93,86.85,68.69,sunflower,0
36.71,78.26,190.9,sugarcane,1
5.5,93.05,329.73,tomato,0
20.33,55.49,64.05,onion,1
14.53,98.03,240.28,sugarcane,0
23.89,72.47,205.51,rice,1
15.61,42.52,83.14,wheat,0
15.7,71.57,94.94,maize,0
15.5,87.18,157.78,groundnut,0
20.47,29.72,272.91,mango,0
13.67,45.78,55.78,mustard,1
7.52,94.21,128.62,potato,0
40.95,36.01,58.46,maize,0
31.41,48.9,73.81,cotton,1
21.14,76.91,205.09,rice,1
29.62,75.79,188.4,sugarcane,1
5.9,85.58,112.27,onion,0
20.76,69.38,78.23,soybean,1
36.67,50.05,182.03,sorghum,0
7.95,97.79,224.82,rice,0
8.52,69.18,117.46,wheat,0
32.29,41.8,12.3,potato,0
36.9,40.78,295.45,potato,0
23.25,74.84,208.98,rice,1
12.57,34.43,277.36,millet,0
37.29,38.98,18.97,wheat,0
19.38,59.44,43.33,onion,1
31.94,47.47,92.82,cotton,1
15.45,45.08,230.97,mustard,0
36.47,58.89,233.05,millet,0
7.79,88.56,170.3,tomato,0
5.39,84.83,292.0,sorghum,0
28.54,62.28,132.85,maize,1
29.33,38.31,18.79,mustard,0
16.39,48.26,54.99,mustard,1
29.81,48.08,339.98,groundnut,0
4.95,85.68,200.84,maize,0
15.86,41.96,50.76,mustard,1
25.62,63.23,97.0,soybean,1
35.44,49.09,0.17,tomato,0
16.7,52.87,133.7,mustard,0
26.8,53.58,79.76,sunflower,1
43.94,92.85,260.81,rice,0
25.43,58.53,81.17,mango,1
29.21,60.06,118.77,maize,1
8.59,73.01,170.55,potato,0
37.79,46.3,20.7,soybean,0
5.15,87.88,309.67,rice,0
29.9,49.86,73.64,sorghum,1
7.69,72.33,181.17,sunflower,0
29.4,51.44,61.75,cotton,1
10.92,99.98,108.88,tomato,0
25.98,70.79,64.31,tomato,1
21.77,62.37,122.14,maize,1
20.47,68.43,56.88,tomato,1
24.63,75.83,200.11,sugarcane,1
24.45,72.32,68.06,tomato,1
7.32,96.81,290.33,sugarcane,0
23.67,65.51,104.76,soybean,1
26.92,52.5,70.03,groundnut,1
17.23,69.44,71.07,potato,1
22.72,57.04,62.17,onion,1
38.57,35.73,36.93,soybean,0
6.34,73.01,172.58,cotton,0
37.16,23.07,14.98,cotton,0
26.5,54.87,63.66,sunflower,1
24.42,51.71,71.43,wheat,1
22.83,72.75,63.12,tomato,1
23.09,92.37,334.51,groundnut,0
35.47,45.42,187.47,soybean,0
13.51,96.22,268.66,sunflower,0
12.52,43.69,28.37,mustard,1
26.39,42.03,37.4,millet,1
24.57,57.1,89.08,mango,1
13.0,64.19,65.67,onion,1
25.4,69.5,70.84,soybean,1
23.52,57.79,70.14,groundnut,1
16.12,67.82,92.31,potato,1
21.32,66.35,73.55,soybean,1
29.12,88.13,126.89,sunflower,0
27.15,47.56,53.59,sorghum,1
6.89,89.22,234.9,maize,0
31.68,79.68,204.78,sugarcane,1
13.09,60.85,62.26,onion,1
10.14,35.69,280.79,sugarcane,0
36.66,25.25,248.35,wheat,0
42.78,57.38,9.83,banana,0
29.65,42.97,59.5,millet,1
37.36,39.07,4.51,soybean,0
51.35,62.27,91.42,sugarcane,0
29.42,62.94,71.25,soybean,1
28.6,61.63,113.24,maize,1
19.18,48.24,52.93,mustard,1
36.68,29.15,0.0,mustard,0
27.87,73.38,67.39,sunflower,0
27.24,65.9,102.8,soybean,1
29.86,76.47,204.56,sugarcane,1
22.96,65.71,71.54,soybean,1
10.89,55.0,331.24,rice,0
19.68,48.15,54.21,mustard,1
20.39,68.57,249.18,sorghum,0
9.64,60.27,148.21,cotton,0
16.41,48.24,49.92,wheat,1
27.7,52.07,67.32,cotton,1
23.15,64.38,119.28,maize,1
29.84,70.06,210.04,rice,1
32.66,67.6,275.56,maize,0
36.79,60.71,120.51,onion,0
27.66,75.54,218.36,banana,1
29.81,50.63,66.92,sorghum,1
22.52,58.79,123.51,maize,1
28.34,76.22,204.4,sugarcane,1
22.34,74.49,226.22,cotton,0
13.66,62.96,146.39,millet,0
5.49,90.63,287.8,rice,0
43.59,34.71,8.24,cotton,0
7.77,89.07,195.53,sugarcane,0
6.24,95.4,57.75,wheat,0
19.46,48.91,70.89,wheat,1
5.19,61.29,200.11,tomato,0
44.33,84.04,229.14,mango,0
41.12,32.19,58.38,maize,0
27.05,68.13,105.91,soybean,1
26.49,43.41,43.57,millet,1
16.83,65.28,69.22,potato,1
39.81,63.69,317.21,sunflower,0
40.24,35.08,9.93,groundnut,0
33.9,17.07,0.0,mustard,0
31.02,49.19,1.24,onion,0
20.37,77.37,193.29,rice,1
45.15,28.2,3.64,millet,0
-1.99,88.37,113.49,onion,0
38.71,31.79,12.62,maize,0
31.86,83.09,181.77,banana,1
23.68,67.04,54.89,tomato,1
28.94,58.54,68.34,groundnut,1
17.1,58.66,110.83,millet,0
47.93,47.29,104.75,rice,0
33.64,79.43,207.99,banana,1
12.42,25.31,191.75,banana,0
28.82,51.46,73.61,groundnut,1
28.08,65.36,71.83,soybean,1
24.48,71.3,46.68,tomato,1
12.73,92.96,195.58,soybean,0
24.62,46.16,77.63,wheat,1
38.05,31.4,10.65,wheat,0
35.9,34.23,13.64,sunflower,0
32.98,33.71,78.59,potato,0
17.8,46.57,42.45,mustard,1
46.75,54.43,99.13,rice,0
16.21,37.77,201.83,maize,0
42.93,59.87,88.02,banana,0
27.72,56.95,71.39,groundnut,1
17.05,64.96,51.22,onion,1
15.01,23.76,322.18,mustard,0
43.28,40.62,33.36,mango,0
16.18,54.41,118.59,millet,0
21.66,51.73,54.57,sunflower,1
9.07,82.02,175.14,mango,0
14.89,59.11,53.56,onion,1
33.68,53.33,76.92,sorghum,1
28.23,25.19,101.27,sunflower,0
18.82,67.55,86.24,potato,1
26.35,79.57,219.82,rice,1
11.07,76.6,149.77,groundnut,0
24.9,46.08,67.49,sunflower,1
2.54,83.08,164.82,potato,0
8.39,70.64,142.04,cotton,0
23.83,48.0,50.96,sunflower,1
40.03,36.8,9.36,maize,0
32.28,43.12,32.8,millet,1
41.41,26.13,61.5,sunflower,0
26.16,45.63,75.16,sunflower,1
22.18,46.3,85.96,sunflower,0
36.58,40.61,319.86,onion,0
26.67,51.36,58.14,sorghum,1
28.86,80.09,200.42,sugarcane,1
21.63,52.43,82.17,cotton,1
34.65,37.13,31.82,millet,1
22.57,55.53,102.26,maize,1
22.49,59.41,52.53,onion,1
21.75,25.56,61.84,tomato,0
35.84,38.87,2.7,groundnut,0
34.22,37.34,57.34,millet,1
17.05,30.87,185.62,mustard,0
7.23,41.07,206.87,millet,0
23.61,43.89,59.94,mustard,1
33.53,52.28,36.65,potato,0
26.68,41.95,53.91,millet,1
33.43,34.27,13.73,wheat,0
42.72,25.88,7.31,groundnut,0
21.36,71.28,66.28,tomato,1
24.5,64.45,81.49,mango,1
32.37,25.22,6.3,wheat,0
39.32,31.0,1.7,groundnut,0
24.15,58.37,78.41,groundnut,1
46.85,35.82,18.45,sorghum,0
18.94,76.73,222.24,sorghum,0
17.3,103.42,307.9,banana,0
44.17,28.32,1.17,millet,0
8.52,63.52,131.34,cotton,0
28.25,72.65,214.9,rice,1
28.91,75.18,217.96,sugarcane,1
40.81,43.82,55.07,maize,0
18.44,83.72,170.75,mango,0
27.83,67.13,107.6,soybean,1
21.98,54.45,348.28,rice,0
33.86,51.0,63.25,sorghum,1
32.53,41.93,46.26,millet,1
16.19,23.51,81.02,wheat,0
19.3,65.88,83.74,potato,1
37.48,26.09,10.55,cotton,0
23.34,70.8,61.33,tomato,1
10.43,62.76,253.9,sorghum,0
19.32,51.8,66.43,wheat,1
25.73,60.0,88.28,mango,1
19.95,49.82,56.09,mustard,1
35.6,46.28,38.12,maize,0
45.68,39.05,27.35,cotton,0
35.58,77.29,4.2,groundnut,0
24.63,45.98,47.66,mustard,1
13.03,85.62,170.2,mango,0
26.02,68.35,74.89,tomato,1
3.51,92.23,176.08,tomato,0
18.49,57.79,110.57,maize,1
8.73,97.77,222.19,wheat,0
29.27,76.55,216.18,sugarcane,1
26.08,48.84,81.81,sorghum,1
31.42,50.59,61.8,sorghum,1
26.92,45.99,56.73,sorghum,1
26.19,49.16,20.54,potato,0
17.34,67.97,98.83,potato,1
30.9,15.45,0.0,mustard,0
24.9,64.12,214.56,maize,0
23.07,77.81,39.61,maize,0
45.14,18.15,7.61,millet,0
43.7,23.69,4.58,millet,0
30.48,53.81,338.42,cotton,0
24.76,55.88,83.04,mango,1
13.54,45.51,29.46,mustard,1
11.23,81.37,120.87,groundnut,0
43.27,58.64,281.64,rice,0
26.48,48.12,67.43,sorghum,1
23.37,53.87,82.38,sunflower,1
24.54,61.67,86.75,soybean,1
40.78,36.95,58.44,mango,0
15.2,59.24,47.79,onion,1
21.64,76.27,211.68,rice,1
45.69,19.81,5.54,millet,0
8.4,88.09,160.6,tomato,0
18.55,79.98,2.6,sunflower,0
20.96,65.52,90.35,soybean,1
13.28,76.2,194.93,soybean,0
17.83,69.34,90.91,potato,1
12.29,94.73,265.96,sugarcane,0
28.63,56.67,105.3,maize,1
19.18,46.52,53.19,wheat,1
39.37,50.0,17.64,tomato,0
29.32,62.87,109.64,soybean,1
22.11,57.94,132.19,maize,1
23.99,46.84,66.4,cotton,1
31.31,36.47,7.44,wheat,0
27.57,53.4,73.58,sunflower,1
2.1,73.86,128.04,wheat,0
31.1,75.19,219.32,banana,1
33.96,78.02,214.56,rice,1
27.36,82.39,217.02,sugarcane,1
18.44,88.89,184.36,mango,0
28.83,77.03,200.99,banana,1
28.6,83.97,207.35,sugarcane,1
34.48,84.1,180.75,banana,1
27.09,75.08,202.26,sugarcane,1
8.58,88.44,139.29,tomato,0
49.23,19.59,3.12,millet,0
26.29,59.47,99.48,mango,1
19.22,68.67,93.22,potato,1
31.24,37.15,8.83,wheat,0
19.93,58.65,228.97,sugarcane,0
28.45,55.08,104.51,mango,1
24.91,58.02,77.25,groundnut,1
2.91,67.0,113.88,mustard,0
10.36,78.93,193.79,cotton,0
20.83,60.82,101.37,groundnut,0
18.23,50.26,131.45,millet,0
29.7,49.55,88.31,cotton,1
21.58,71.98,46.56,tomato,1
23.07,55.13,104.26,maize,1
21.83,67.71,65.7,tomato,1
18.1,73.21,69.52,tomato,1
31.12,97.94,143.6,soybean,0
35.86,30.13,0.0,mustard,0
27.04,31.66,257.32,groundnut,0
42.78,33.23,39.05,cotton,0
25.62,38.89,69.84,millet,1
34.74,79.29,209.47,banana,1
35.28,40.83,29.19,mango,0
15.58,78.22,124.68,sorghum,0
41.93,27.55,8.3,sorghum,0
17.62,55.21,51.16,onion,1
22.35,53.25,64.11,cotton,1
28.02,68.73,80.0,soybean,1
26.47,50.34,81.3,cotton,1
23.09,47.25,53.04,mustard,1
15.59,69.87,80.04,potato,1
21.23,66.04,48.86,tomato,1
17.64,70.4,82.32,potato,1
5.27,93.61,258.29,sugarcane,0
30.49,77.67,186.71,rice,1
24.95,72.0,44.48,tomato,1
19.64,67.18,41.19,tomato,1
39.47,40.95,1.78,soybean,0
25.77,59.11,109.75,maize,1
30.52,45.65,55.13,sorghum,1
36.66,99.09,227.89,potato,0
-0.07,83.57,109.32,onion,0
20.39,55.5,49.55,onion,1
10.06,86.17,145.58,mango,0
45.7,60.68,3.0,sugarcane,0
41.02,42.7,13.31,groundnut,0
13.47,58.88,141.57,millet,0
39.31,37.15,11.06,wheat,0
8.78,65.28,152.38,wheat,0
24.48,62.21,105.02,soybean,1
37.7,82.68,185.53,sorghum,0
25.0,49.79,49.7,wheat,1
24.82,63.87,85.09,soybean,1
16.27,44.89,45.78,mustard,1
36.68,36.16,8.28,wheat,0
35.7,74.47,47.87,rice,0
23.95,56.65,130.06,maize,1
29.98,49.68,72.53,cotton,1
25.2,61.21,77.89,soybean,1
33.72,42.46,172.28,banana,0
13.11,67.06,186.84,cotton,0
38.96,29.39,4.98,cotton,0
8.9,66.63,119.01,wheat,0
31.0,47.12,1.45,onion,0
33.69,82.36,182.76,banana,1
32.44,76.19,214.47,rice,1
27.48,60.5,102.92,maize,1
34.07,79.2,216.22,tomato,0
48.5,60.2,58.69,sugarcane,0
25.94,56.58,31.28,potato,0
29.54,60.42,107.8,soybean,1
22.81,66.06,148.72,mustard,0
22.4,71.18,186.82,maize,0
8.28,66.76,146.23,wheat,0
33.39,58.92,5.41,sugarcane,0
35.46,43.1,133.27,mango,0
27.96,54.32,96.32,groundnut,1
14.69,67.39,137.96,groundnut,0
5.65,83.08,120.68,rice,0
15.96,46.49,47.68,wheat,1
18.76,79.82,163.66,sorghum,0
41.15,22.4,225.97,potato,0
33.82,45.74,0.3,tomato,0
43.68,73.58,208.29,mustard,0
22.7,47.9,53.21,mustard,1
26.53,67.72,70.49,soybean,1
13.62,108.78,260.81,sugarcane,0
22.04,49.63,70.8,sunflower,1
39.2,21.06,1.43,cotton,0
19.46,39.04,279.15,onion,0
38.6,25.62,0.0,mustard,0
22.01,100.0,135.98,tomato,0
29.68,54.91,91.76,groundnut,1
45.1,37.87,14.38,cotton,0
23.67,67.06,69.32,tomato,1
22.04,48.11,44.7,wheat,1
12.61,76.07,219.65,maize,0
18.93,70.62,73.09,potato,1
29.32,49.59,63.66,sunflower,1
-4.57,62.09,137.07,mustard,0
26.15,50.53,60.02,sunflower,1
34.99,35.16,56.76,millet,1
22.54,46.24,82.75,cotton,1
33.43,38.6,46.69,millet,1
39.15,82.73,142.52,groundnut,0
14.45,104.75,263.93,rice,0
34.46,44.14,65.93,millet,1
16.57,74.57,78.42,potato,1
26.28,62.13,87.85,mango,1
40.23,36.22,11.38,soybean,0
3.74,69.71,144.31,mustard,0
46.22,66.61,56.99,banana,0
0.97,84.1,128.56,potato,0
11.66,91.49,116.37,tomato,0
7.73,73.74,190.99,cotton,0
30.37,42.41,39.32,millet,1
17.2,69.31,99.19,potato,1
3.8,85.01,171.69,maize,0
14.77,67.57,151.51,sunflower,0
21.44,53.59,76.04,cotton,1
14.17,104.36,271.58,banana,0
30.26,79.5,200.1,banana,1
39.56,49.57,339.65,groundnut,0
19.85,72.58,45.59,tomato,1
19.03,63.66,232.19,cotton,0
41.19,25.24,5.23,sorghum,0
17.22,44.84,21.88,mustard,1
38.85,33.52,0.0,mustard,0
13.45,74.02,163.14,groundnut,0
31.9,82.62,200.43,banana,1
24.15,81.62,205.37,sugarcane,1
36.14,96.25,299.65,sunflower,0
29.61,40.91,39.54,millet,1
17.11,62.86,45.67,onion,1
11.97,44.78,30.87,mustard,1
8.24,107.18,244.33,sugarcane,0
1.51,68.3,104.12,mustard,0
33.21,51.73,66.53,sorghum,1
20.67,53.72,74.84,sunflower,1
24.24,58.75,108.22,maize,1
30.11,47.78,19.91,potato,0
43.52,56.38,141.38,maize,0
13.05,63.68,189.19,sorghum,0
19.45,67.69,107.96,millet,0
18.61,30.91,178.03,mango,0
24.58,77.95,189.1,rice,1
44.76,63.32,133.32,banana,0
27.64,45.78,64.98,cotton,1
7.08,81.08,110.22,tomato,0
26.86,52.13,72.12,sunflower,1
40.58,37.12,20.13,cotton,0
29.43,46.18,71.97,cotton,1
25.73,52.83,84.87,sunflower,1
20.0,45.45,45.48,wheat,1
21.9,43.97,51.62,mustard,1
17.36,45.0,54.01,mustard,1
29.71,57.3,95.89,groundnut,1
26.32,57.84,113.27,mango,1
21.16,73.56,49.49,tomato,1
5.21,62.6,169.95,sunflower,0
12.45,61.39,127.61,cotton,0
12.59,45.43,52.65,mustard,1
37.18,83.46,30.25,sunflower,0
21.59,78.89,181.29,sugarcane,1
38.18,41.4,63.15,rice,0
18.61,41.09,22.66,mustard,1
5.83,98.29,299.69,cotton,0
19.36,66.51,81.2,potato,1
27.91,95.41,147.26,sunflower,0
31.95,51.97,67.71,cotton,1
21.5,47.38,61.56,cotton,1
3.92,92.08,151.66,tomato,0
23.6,64.37,101.6,maize,1
41.53,32.03,23.65,cotton,0
21.38,72.94,50.48,tomato,1
8.27,93.31,256.06,rice,0
26.07,41.89,49.46,millet,1
6.6,61.1,320.37,onion,0
36.83,84.17,212.15,sugarcane,1
39.13,26.83,13.41,sunflower,0
14.83,59.67,51.72,onion,1
32.78,78.78,207.65,banana,1
22.1,57.13,79.42,groundnut,1
29.17,50.28,83.91,groundnut,1
24.37,72.31,208.28,rice,1
22.36,79.61,183.2,rice,1
13.83,59.65,44.84,onion,1
21.57,65.22,40.15,tomato,1
26.29,88.0,316.78,sugarcane,0
18.77,74.96,82.26,potato,1
31.81,54.87,54.42,sorghum,1
15.01,86.79,177.63,mango,0
27.52,81.17,190.81,banana,1
26.31,60.09,83.03,mango,1
12.45,21.74,283.23,soybean,0
22.8,72.64,64.47,tomato,1
22.36,60.87,64.51,onion,1
31.29,40.78,52.91,millet,1
22.32,48.19,63.92,wheat,1
11.82,75.27,143.41,groundnut,0
23.72,42.43,25.97,mustard,1
28.73,60.34,135.1,maize,1
28.81,41.97,19.66,potato,0
23.97,52.91,85.7,cotton,1
33.13,44.33,174.2,onion,0
52.91,57.74,137.03,sugarcane,0
36.6,84.47,194.07,sugarcane,1
23.32,76.92,192.25,rice,1
34.21,49.94,141.59,sorghum,0
22.76,50.02,99.41,groundnut,1
17.41,47.5,51.62,mustard,1
34.64,31.83,9.87,wheat,0
10.67,79.23,156.9,cotton,0
28.76,47.54,12.82,potato,0
51.31,61.51,136.16,sugarcane,0
26.92,55.07,120.9,maize,1
18.21,56.51,64.12,onion,1
30.35,35.11,48.16,millet,1
24.54,59.67,274.24,mango,0
41.78,49.08,12.77,soybean,0
26.41,81.58,197.29,banana,1
20.94,81.47,215.4,sugarcane,1
32.57,80.83,194.26,banana,1
23.3,51.1,63.0,cotton,1
27.33,42.89,6.34,potato,0
38.94,43.88,8.48,onion,0
41.65,62.86,94.73,banana,0
41.35,95.84,230.06,onion,0
9.6,76.0,177.95,soybean,0
29.32,53.31,67.08,groundnut,1
20.69,62.11,49.11,onion,1
38.91,28.37,79.27,mustard,0
39.18,46.98,15.97,soybean,0
20.67,53.12,60.19,sunflower,1
21.84,53.48,66.15,wheat,1
36.96,36.34,19.76,wheat,0
26.57,51.26,80.59,groundnut,1
23.75,59.12,41.93,onion,1
33.65,81.61,204.3,banana,1
22.2,49.39,93.57,cotton,1
37.26,37.88,6.23,groundnut,0
12.47,47.81,256.34,maize,0
43.48,39.61,40.63,mango,0
11.72,33.36,145.49,sorghum,0
36.88,43.41,308.38,potato,0
20.42,43.43,44.32,mustard,1
41.59,27.46,22.11,cotton,0
8.23,80.07,111.01,tomato,0
14.3,88.96,195.82,mango,0
22.87,56.42,31.02,onion,1
13.8,104.3,244.16,banana,0
36.01,45.67,47.22,soybean,0
18.76,52.54,58.94,wheat,1
24.18,49.86,90.44,cotton,1
37.05,43.25,3.57,onion,0
42.1,36.36,19.94,sorghum,0
29.5,37.39,36.98,millet,1
26.34,72.51,61.16,tomato,1
21.08,59.21,65.51,onion,1
13.84,24.67,129.24,banana,0
41.61,12.34,9.94,millet,0
11.56,88.67,137.87,soybean,0
37.48,25.91,1.09,wheat,0
6.96,43.91,287.03,wheat,0
20.21,49.94,38.14,mustard,1
14.55,48.51,40.99,mustard,1
40.71,98.93,50.13,wheat,0
22.82,24.9,60.67,potato,0
38.66,48.97,5.69,onion,0
22.79,62.84,98.12,soybean,1
18.43,70.96,53.61,tomato,1
29.44,70.54,185.97,rice,1
13.97,67.12,175.39,sunflower,0
14.14,27.99,94.48,maize,0
20.1,53.09,58.14,wheat,1
26.78,48.03,68.81,cotton,1
32.47,73.08,182.32,rice,1
24.43,60.65,124.48,maize,1
28.73,55.82,119.4,mango,1
36.7,79.02,206.02,sugarcane,1
7.07,88.99,170.3,soybean,0
37.42,78.44,209.87,sugarcane,1
13.22,51.95,129.07,millet,0
-1.79,65.22,112.05,mustard,0
27.93,57.74,105.83,mango,1
11.09,46.51,57.48,mustard,1
25.85,59.29,82.24,mango,1
28.23,57.16,132.98,maize,1
22.53,54.66,57.22,wheat,1
39.6,27.49,8.9,sorghum,0
27.07,41.15,46.59,millet,1
23.35,48.89,75.86,wheat,1
15.85,47.28,33.28,mustard,1
15.41,69.02,153.7,cotton,0
30.11,27.61,325.81,mustard,0
42.29,55.84,117.85,mango,0
20.46,46.43,24.36,mustard,1
8.51,75.42,145.4,wheat,0
34.16,35.87,2.12,onion,0
29.99,48.48,64.16,cotton,1
38.71,24.07,25.48,cotton,0
29.48,58.88,91.75,groundnut,1
29.83,43.74,42.41,millet,1
24.33,42.7,225.85,soybean,0
30.22,77.41,189.34,banana,1
12.25,46.24,56.61,mustard,1
26.8,29.65,300.85,onion,0
34.15,94.1,171.34,sunflower,0
37.41,25.66,24.29,sunflower,0
21.76,79.09,181.77,sugarcane,1
16.71,48.91,41.81,mustard,1
21.13,56.72,60.99,onion,1
26.86,96.21,11.06,millet,0
13.42,70.79,182.53,sorghum,0
14.17,63.65,164.54,millet,0
39.43,49.83,18.78,tomato,0
15.24,79.71,162.44,groundnut,0
14.58,52.25,147.58,millet,0
17.25,54.73,51.9,wheat,1
23.13,66.73,61.46,tomato,1
28.27,64.24,119.4,mango,1
27.75,59.93,86.84,mango,1
38.51,30.04,20.32,cotton,0
34.02,72.04,208.65,rice,1
36.59,75.57,191.83,groundnut,0
34.21,84.98,180.68,banana,1
13.98,78.38,208.9,soybean,0
29.87,49.07,59.35,sorghum,1
16.74,46.6,62.39,wheat,1
46.14,37.85,15.97,sorghum,0
39.61,40.04,0.41,tomato,0
33.04,51.19,63.58,sorghum,1
0.75,78.97,134.0,onion,0
23.24,93.73,167.98,potato,0
36.21,84.7,210.9,sugarcane,1
15.23,68.52,82.46,potato,1
17.98,46.82,20.03,mustard,1
24.58,71.17,62.23,tomato,1
41.6,43.74,17.27,groundnut,0
37.56,47.16,4.45,onion,0
27.81,47.19,67.35,cotton,1
13.01,21.23,246.27,maize,0
26.48,48.73,75.08,sorghum,1
41.52,34.34,24.9,sunflower,0
12.39,25.16,93.73,sunflower,0
40.53,20.79,14.09,sunflower,0
36.02,38.42,19.35,wheat,0
10.74,54.34,215.18,rice,0
29.13,63.32,88.63,mango,1
32.15,48.72,5.79,potato,0
42.22,31.41,56.81,onion,0
27.07,62.84,97.68,mango,1
29.25,61.79,117.26,maize,1
28.44,51.43,86.37,groundnut,1
7.68,26.04,32.25,soybean,0
12.94,109.34,315.49,banana,0
41.35,53.97,77.81,banana,0
10.73,78.27,150.87,mango,0
23.15,60.65,63.7,onion,1
26.75,42.83,39.45,millet,1
26.79,59.34,118.98,mango,1
20.17,54.61,74.11,sunflower,1
6.75,29.46,57.72,onion,0
21.2,62.86,139.34,maize,1
31.74,50.65,82.55,cotton,1
33.29,46.57,61.68,sorghum,1
43.51,69.07,92.18,sugarcane,0
24.71,72.06,42.5,tomato,1
25.15,49.96,58.95,sunflower,1
10.13,105.61,282.96,sugarcane,0
18.88,107.45,280.87,banana,0
23.96,47.81,74.04,cotton,1
31.68,83.97,254.99,millet,0
10.33,96.05,170.79,tomato,0
12.45,72.47,192.15,groundnut,0
18.54,52.72,68.84,wheat,1
21.72,54.66,65.33,sunflower,1
28.07,74.83,197.42,rice,1
19.91,40.93,42.02,mustard,1
20.93,55.4,135.43,maize,1
24.48,42.41,212.35,soybean,0
24.08,52.01,74.05,groundnut,1
32.3,35.77,9.33,onion,0
19.63,83.25,4.87,rice,0
22.09,54.81,94.31,groundnut,1
33.82,82.83,105.01,maize,0
23.98,77.84,198.2,rice,1
24.1,54.4,89.8,groundnut,1
20.5,44.03,57.53,mustard,1
31.04,47.42,93.11,cotton,1
29.03,64.12,94.77,mango,1
25.2,55.75,96.09,groundnut,1
9.16,66.4,166.08,wheat,0
17.77,65.06,97.74,potato,1
44.25,49.0,17.8,maize,0
28.11,48.2,59.75,sunflower,1
-2.54,73.57,151.13,mustard,0
27.41,70.8,181.59,rice,1
21.61,75.53,190.89,rice,1
15.02,22.99,262.48,cotton,0
42.97,47.35,22.01,soybean,0
35.86,29.7,34.79,groundnut,0
51.01,66.41,120.53,sugarcane,0
27.49,50.06,89.95,sunflower,1
14.33,36.67,203.2,banana,0
19.51,43.3,330.68,soybean,0
20.42,46.4,70.51,sunflower,1
28.13,86.51,57.56,banana,0
18.55,64.48,118.24,maize,1
25.52,45.41,89.25,sunflower,1
25.59,76.12,196.13,sugarcane,1
12.64,63.95,143.92,sorghum,0
7.39,83.52,191.13,potato,0
4.43,74.05,127.07,mustard,0
30.33,76.47,202.19,banana,1
42.61,65.75,81.91,banana,0
34.82,40.16,69.71,millet,1
40.86,21.18,5.48,sorghum,0
3.35,62.53,123.74,mustard,0
12.69,100.56,280.23,rice,0
29.04,57.54,88.8,groundnut,1
36.6,76.45,200.97,sugarcane,1
22.15,80.58,218.95,sugarcane,1
41.82,26.3,133.84,cotton,0
23.82,94.74,158.49,mango,0
38.15,78.02,116.67,sugarcane,0
21.5,67.63,95.97,soybean,1
35.07,46.75,11.74,tomato,0
29.28,43.73,39.91,millet,1
13.21,92.22,248.39,banana,0
19.72,68.34,83.51,potato,1
24.44,58.57,16.16,mango,0
32.15,31.31,9.69,onion,0
33.93,39.35,2.18,onion,0
35.75,49.07,250.82,soybean,0
24.14,48.71,56.56,wheat,1
28.9,69.98,75.19,soybean,1
31.9,42.86,2.86,rice,0
36.48,18.97,0.0,mustard,0
23.94,47.86,136.98,sorghum,0
22.07,47.84,36.25,mustard,1
18.8,53.33,59.97,wheat,1
20.19,50.81,63.01,wheat,1
11.9,94.14,264.17,rice,0
9.57,82.01,288.15,wheat,0
10.11,43.05,23.7,mustard,1
22.48,43.98,41.37,mustard,1
23.29,67.99,109.1,soybean,1
15.49,45.15,49.55,mustard,1
4.43,98.1,121.48,potato,0
20.01,67.73,57.41,tomato,1
46.9,52.03,6.78,rice,0
15.03,45.23,51.93,wheat,1
25.46,50.57,64.21,groundnut,1
19.28,63.97,119.7,maize,1
34.17,63.82,114.37,millet,0
25.86,41.05,45.04,millet,1
35.16,30.92,8.28,groundnut,0
1.56,87.25,197.56,potato,0
30.16,51.8,95.04,cotton,1
28.76,36.58,65.19,millet,1
15.92,84.09,57.25,sugarcane,0
30.54,27.12,0.0,mustard,0
8.76,70.71,184.18,sunflower,0
24.26,46.5,21.3,cotton,0
27.96,80.68,211.29,banana,1
28.05,81.79,202.93,banana,1
24.89,73.71,70.18,tomato,1
26.94,47.13,68.93,sorghum,1
26.13,48.47,63.06,sunflower,1
23.98,79.33,215.23,rice,1
29.13,22.15,69.65,sorghum,0
28.19,47.46,76.75,cotton,1
1.83,88.13,172.48,potato,0
21.1,70.97,74.89,tomato,1
32.72,84.9,196.55,banana,1
21.15,50.52,94.48,cotton,1
0.36,99.1,157.97,potato,0
20.09,60.37,84.35,soybean,1
23.11,56.16,134.05,maize,1
26.51,45.72,2.85,potato,0
10.23,73.73,196.12,cotton,0
10.05,43.45,36.3,mustard,1
4.76,67.95,88.0,mustard,0
30.95,50.77,52.11,sorghum,1
38.23,70.5,32.9,groundnut,0
26.27,81.09,214.91,banana,1
19.17,70.51,71.21,potato,1
21.37,56.5,106.29,maize,1
27.37,49.77,77.67,sorghum,1
22.25,46.9,50.74,wheat,1
34.62,87.24,28.34,mango,0
24.54,48.02,68.92,wheat,1
26.74,63.29,102.22,mango,1
40.78,25.49,7.57,millet,0
44.72,35.64,10.0,maize,0
42.08,37.19,32.53,groundnut,0
23.27,75.13,211.33,sugarcane,1
33.94,47.84,53.71,sorghum,1
29.54,61.65,320.22,banana,0
40.68,41.09,35.65,soybean,0
44.86,31.03,19.26,sunflower,0
31.33,44.05,62.83,millet,1
16.83,51.93,60.43,wheat,1
6.24,80.54,173.51,potato,0
26.83,75.65,189.15,banana,1
30.31,52.87,75.96,sorghum,1
23.66,74.65,204.41,rice,1
25.78,64.57,100.45,maize,1
31.21,84.81,215.36,banana,1
25.77,98.73,12.73,potato,0
40.03,36.44,212.42,wheat,0
15.8,71.07,91.4,potato,1
41.32,22.12,9.7,sorghum,0
11.61,99.66,248.67,sugarcane,0
40.22,35.52,44.01,soybean,0
26.54,57.34,104.14,mango,1
17.76,71.15,81.47,potato,1
29.66,53.42,54.44,sorghum,1
44.76,48.58,10.82,cotton,0
29.24,83.82,185.6,banana,1
11.71,46.49,156.0,mango,0
24.45,51.68,70.57,wheat,1
39.63,39.9,149.42,mango,0
20.08,59.82,34.26,onion,1
28.15,51.61,82.34,groundnut,1
42.13,36.37,37.92,groundnut,0
48.82,56.82,33.65,banana,0
30.93,73.14,204.25,rice,1
41.48,15.69,9.56,millet,0
12.79,64.51,179.37,cotton,0
44.0,20.73,5.64,sunflower,0
20.25,66.07,84.41,soybean,1
2.32,74.84,105.17,onion,0
21.01,55.82,60.1,onion,1
11.66,98.19,189.09,banana,0
28.36,62.7,93.53,soybean,1
30.85,52.62,70.19,sorghum,1
45.92,55.96,123.72,banana,0
24.36,82.63,182.08,sugarcane,1
27.1,79.01,211.84,rice,1
25.55,64.84,108.14,mango,1
25.5,52.26,85.55,sunflower,1
11.89,70.82,162.58,sunflower,0
43.55,38.51,11.67,sunflower,0
33.79,80.37,206.29,sugarcane,1
14.12,47.8,58.54,mustard,1
23.49,48.95,71.97,cotton,1
32.93,72.49,187.61,rice,1
37.22,25.97,303.46,onion,0
17.39,84.26,151.07,mango,0
39.06,23.82,7.59,sunflower,0
29.11,40.25,57.42,millet,1
21.81,67.08,72.92,tomato,1
17.16,72.37,202.01,sorghum,0
15.86,51.19,71.92,wheat,1
37.34,27.49,21.72,sunflower,0
20.87,48.48,73.82,wheat,1
23.66,59.82,108.77,maize,1
33.29,49.52,50.04,sorghum,1
13.01,63.59,47.39,onion,1
28.9,82.52,194.34,banana,1
28.62,45.03,2.91,potato,0
25.13,80.4,271.34,cotton,0
16.0,58.3,15.37,soybean,0
15.11,51.54,67.71,wheat,1
15.05,60.85,154.76,millet,0
21.17,49.83,59.51,wheat,1
29.57,50.29,74.86,cotton,1
29.53,36.04,32.1,millet,1
27.88,75.38,202.6,banana,1
42.74,32.93,27.29,cotton,0
12.19,80.23,205.65,maize,0
13.85,59.22,31.01,onion,1
28.76,57.36,95.06,groundnut,1
25.6,56.07,32.45,potato,0
26.42,42.4,14.73,potato,0
16.99,86.02,8.8,tomato,0
14.75,87.62,269.64,rice,0
48.13,63.68,115.38,rice,0
16.7,48.81,45.55,wheat,1
22.81,68.13,59.56,tomato,1
17.06,46.01,41.34,wheat,1
16.46,55.13,138.1,millet,0
25.29,67.7,75.45,tomato,1
11.41,77.09,148.52,mango,0
16.08,60.78,64.11,onion,1
26.24,67.63,53.15,tomato,1
22.77,54.93,93.24,groundnut,1
17.15,68.14,60.59,potato,1
26.04,51.66,21.23,potato,0
28.92,95.67,258.74,sorghum,0
29.27,55.4,130.46,maize,1
32.71,71.99,298.12,rice,0
21.67,40.23,57.46,mustard,1
3.34,61.63,152.24,mustard,0
35.69,33.1,23.65,maize,0
9.03,68.01,137.04,groundnut,0
28.03,40.25,37.0,millet,1
26.81,71.65,75.89,tomato,1
7.07,79.04,166.53,groundnut,0
45.16,61.79,36.77,sugarcane,0
32.58,43.09,33.14,millet,1
25.86,56.64,337.41,rice,0
27.61,77.86,180.69,sugarcane,1
12.98,79.27,223.31,maize,0
15.07,48.4,209.36,potato,0
24.01,41.49,130.35,wheat,0
5.1,79.02,104.98,onion,0
14.29,62.1,180.09,sorghum,0
34.84,98.08,209.82,onion,0
29.3,82.32,241.67,wheat,0
15.3,73.25,197.83,groundnut,0
48.59,21.93,25.06,sorghum,0
27.28,72.14,196.04,rice,1
37.19,83.04,214.97,sugarcane,1
25.53,68.18,45.06,tomato,1
46.95,36.12,4.15,cotton,0
27.26,39.25,30.3,millet,1
22.11,49.61,78.13,sunflower,1
22.37,48.61,37.55,mustard,1
49.05,57.18,38.52,banana,0
27.9,36.94,34.73,millet,1
15.44,70.2,97.81,potato,1
33.46,77.44,198.99,rice,1
35.8,32.24,216.33,cotton,0
42.48,61.85,286.78,groundnut,0
27.31,45.61,80.37,sorghum,1
34.61,74.81,26.88,mango,0
14.84,35.68,61.63,sorghum,0
24.54,38.52,296.96,groundnut,0
28.61,67.8,322.76,sugarcane,0
21.59,59.77,33.11,onion,1
30.83,37.12,146.73,tomato,0
27.0,27.58,35.67,wheat,0
8.96,84.73,133.84,soybean,0
41.78,74.14,250.2,mustard,0
22.39,54.39,67.95,groundnut,1
30.51,26.77,0.0,mustard,0
25.29,49.9,80.17,sunflower,1
27.18,84.87,199.44,sugarcane,1
6.69,21.5,322.41,rice,0
37.47,40.59,26.69,maize,0
10.77,74.6,177.35,sunflower,0
27.04,62.87,102.46,mango,1
48.39,23.86,6.66,millet,0
17.25,96.3,316.69,banana,0
28.63,46.06,55.92,sunflower,1
14.61,63.87,118.59,millet,0
17.14,70.06,87.95,potato,1
0.01,73.15,167.92,wheat,0
31.76,46.25,68.47,cotton,1
26.02,60.18,131.66,maize,1
31.31,79.5,187.97,rice,1
44.02,39.29,32.0,sunflower,0
29.63,76.75,186.22,sugarcane,1
23.06,54.15,62.5,wheat,1
33.36,52.0,67.85,sorghum,1
37.0,38.44,15.38,soybean,0
37.04,42.35,11.48,tomato,0
42.23,39.73,13.65,groundnut,0
23.58,73.96,206.87,rice,1
15.81,50.01,128.38,groundnut,0
25.62,64.89,89.99,soybean,1
30.58,21.72,8.69,wheat,0
28.68,55.1,105.54,maize,1
20.22,50.72,64.38,sunflower,1
13.3,90.14,305.98,rice,0
5.31,81.28,107.42,onion,0
40.83,90.6,31.56,maize,0
46.09,52.65,109.3,rice,0
28.89,51.74,77.61,sorghum,1
40.77,36.29,17.41,sunflower,0
-1.6,72.85,125.7,mustard,0
16.05,21.47,266.4,onion,0
43.73,83.39,100.94,cotton,0
41.19,15.54,9.94,millet,0
32.32,92.79,174.65,maize,0
20.01,63.48,63.75,onion,1
1.32,88.6,174.56,potato,0
29.25,80.49,208.66,banana,1
34.15,78.57,205.75,banana,1
18.92,72.28,77.51,potato,1
18.6,66.83,95.14,potato,1
24.34,64.91,94.45,soybean,1
36.32,77.66,58.44,wheat,0
20.55,77.31,120.39,sorghum,0
31.49,46.55,69.81,sorghum,1
3.48,74.12,91.17,mustard,0
21.79,47.45,96.37,cotton,1
42.27,55.71,124.74,banana,0
36.49,31.97,32.13,mango,0
11.64,67.73,147.98,sorghum,0
10.33,65.24,301.21,onion,0
41.55,58.47,2.88,tomato,0
20.15,70.75,215.32,rice,1
17.26,43.79,54.51,mustard,1
16.34,46.18,52.22,wheat,1
35.85,78.45,203.43,sugarcane,1
16.02,88.76,149.44,mango,0
16.45,78.23,120.85,groundnut,0
41.71,57.49,144.32,rice,0
26.99,56.96,117.62,mango,1
47.89,59.09,21.25,sugarcane,0
20.05,65.17,76.24,tomato,1
28.22,56.42,107.36,maize,1
30.33,79.13,205.25,banana,1
15.54,87.17,163.52,mango,0
4.96,95.0,106.58,tomato,0
42.96,38.05,119.63,maize,0
11.3,64.7,148.82,sorghum,0
15.59,68.94,8.97,mustard,0
41.55,50.92,126.1,rice,0
19.8,62.29,69.57,onion,1
26.72,51.13,62.13,sorghum,1
2.69,68.34,151.64,wheat,0
29.57,50.77,71.92,sunflower,1
31.65,54.27,67.51,sorghum,1
34.96,79.75,185.86,sugarcane,1
20.73,67.89,71.42,tomato,1
22.52,52.13,55.93,wheat,1
32.33,74.01,182.96,rice,1
5.83,89.96,172.37,soybean,0
20.4,79.8,193.74,sugarcane,1
42.9,15.24,6.18,millet,0
14.58,67.15,141.88,groundnut,0
5.9,73.95,147.23,tomato,0
29.59,45.05,57.78,sorghum,1
27.98,50.51,92.67,cotton,1
26.06,39.42,40.36,millet,1
28.91,56.48,89.63,groundnut,1
3.5,83.23,132.89,potato,0
35.48,62.73,90.39,potato,0
32.11,50.77,34.79,potato,0
30.56,46.89,69.03,sorghum,1
19.33,25.07,187.05,wheat,0
44.85,98.98,163.38,sorghum,0
24.4,63.17,92.14,soybean,1
41.32,93.33,308.8,sunflower,0
20.39,66.97,65.67,tomato,1
49.36,56.94,4.75,banana,0
0.33,65.04,129.13,mustard,0
44.66,44.99,28.82,maize,0
25.7,55.91,80.68,groundnut,1
23.49,65.3,108.17,soybean,1
14.11,75.83,138.16,groundnut,0
30.49,62.52,152.15,onion,0
24.62,56.37,80.82,groundnut,1
27.21,78.19,188.75,banana,1
17.82,47.05,43.28,mustard,1
22.83,52.76,63.11,wheat,1
7.24,70.44,189.76,groundnut,0
29.9,47.11,89.64,sunflower,1
19.45,40.73,49.51,mustard,1
21.07,95.66,139.75,potato,0
51.05,51.65,17.31,sugarcane,0
16.14,55.39,58.69,onion,1
4.69,76.99,225.73,maize,0
15.62,46.18,52.27,wheat,1
28.73,62.15,107.95,rice,0
21.92,48.35,77.04,sunflower,1
19.46,101.7,242.3,banana,0
19.38,56.77,63.48,onion,1
29.01,52.42,75.26,sunflower,1
28.81,61.98,77.2,soybean,1
40.36,43.3,29.77,groundnut,0
5.46,79.8,108.19,wheat,0
27.89,58.51,89.92,groundnut,1
26.44,81.11,201.39,banana,1
29.48,81.19,191.05,sugarcane,1
20.66,75.19,193.05,sugarcane,1
32.95,32.39,8.39,onion,0
15.76,71.79,94.01,potato,1
30.46,71.26,214.74,rice,1
25.21,49.97,53.0,sunflower,1
43.58,62.7,81.92,banana,0
22.56,51.72,85.46,groundnut,1
9.82,87.13,134.95,tomato,0
22.41,41.02,27.74,mustard,1
20.03,51.71,67.41,sunflower,1
9.92,88.14,223.72,maize,0
26.46,50.07,83.41,sorghum,1
16.42,48.12,58.21,wheat,1
23.92,49.05,49.64,mustard,1
24.1,57.82,77.06,groundnut,1
30.95,72.01,192.47,rice,1
34.51,35.33,4.51,onion,0
35.2,44.94,6.74,tomato,0
28.91,65.38,77.81,soybean,1
7.17,78.38,167.54,wheat,0
24.37,57.42,93.94,mango,1
14.61,65.04,146.96,sunflower,0
14.54,45.21,24.31,cotton,0
32.76,81.0,186.35,sugarcane,1
27.14,59.96,101.14,mango,1
15.27,49.75,78.68,wheat,1
22.19,66.36,71.83,soybean,1
39.47,22.07,0.99,cotton,0
15.64,55.96,272.1,groundnut,0
27.13,78.5,182.91,rice,1
28.94,83.31,186.73,banana,1
24.3,31.69,95.47,groundnut,0
33.53,44.79,18.13,potato,0
27.15,64.52,93.12,soybean,1
33.33,78.61,201.96,sugarcane,1
23.34,78.17,198.41,rice,1
25.07,63.82,109.73,soybean,1
43.7,98.93,233.74,rice,0
26.55,63.83,86.95,mango,1
23.11,60.85,110.45,maize,1
43.4,46.21,24.5,soybean,0
18.48,46.78,61.49,wheat,1
35.61,17.04,0.0,mustard,0
11.15,93.7,291.16,rice,0
43.52,35.69,129.77,mango,0
36.86,46.82,48.29,soybean,0
14.41,59.24,68.03,onion,1
15.66,40.08,23.59,mustard,1
9.54,98.41,299.45,rice,0
22.48,80.92,215.39,sugarcane,1
42.45,36.19,20.77,mango,0
21.88,44.5,37.69,mustard,1
35.11,24.99,0.0,mustard,0
26.05,55.8,105.28,mango,1
9.71,81.58,165.89,potato,0
40.75,57.75,58.13,rice,0
24.11,68.09,87.01,soybean,1
7.93,84.49,102.04,onion,0
46.74,60.0,16.24,banana,0
28.03,57.81,66.88,groundnut,1
33.74,38.84,7.91,wheat,0
37.92,38.03,13.68,cotton,0
23.58,52.6,43.74,wheat,1
25.45,38.5,62.24,millet,1
25.1,45.12,70.98,sunflower,1
14.61,45.93,49.04,mustard,1
17.48,78.92,176.78,mango,0
40.08,44.97,35.95,wheat,0
22.51,55.15,182.96,rice,0
11.89,81.61,166.03,soybean,0
43.62,21.46,20.83,sorghum,0
29.48,32.79,192.62,maize,0
33.68,52.54,62.45,sorghum,1
27.93,64.45,105.2,mango,1
28.34,58.06,111.99,mango,1
27.48,77.45,214.33,banana,1
43.8,43.64,6.98,groundnut,0
43.35,53.55,61.38,banana,0
37.3,34.66,9.27,cotton,0
11.84,94.04,131.82,soybean,0
35.98,68.08,75.65,cotton,0
47.73,16.27,8.32,millet,0
5.42,75.14,160.8,wheat,0
18.14,54.65,78.75,wheat,1
25.28,58.3,100.9,mango,1
39.34,23.82,34.64,maize,0
24.72,60.8,105.24,mango,1
12.55,76.96,128.45,cotton,0
28.27,78.61,195.12,banana,1
25.66,50.09,89.23,cotton,1
29.62,83.93,188.23,banana,1
19.35,64.53,94.79,millet,0
11.85,91.24,244.65,banana,0
24.56,58.66,117.11,mango,1
7.9,93.1,317.3,rice,0
16.31,67.59,151.34,millet,0
26.72,52.29,62.1,sunflower,1
28.64,64.65,134.69,maize,1
35.07,75.86,209.46,sugarcane,1
17.97,70.41,73.33,potato,1
26.79,54.18,78.0,sunflower,1
6.2,76.22,172.89,sunflower,0
23.79,66.84,70.72,soybean,1
12.42,90.23,274.71,sugarcane,0
34.48,72.7,212.33,rice,1
38.59,41.3,40.95,mango,0
42.21,27.38,16.3,sunflower,0
29.75,77.81,206.07,rice,1
25.61,73.72,191.65,millet,0
22.3,59.53,124.64,maize,1
25.33,70.78,264.03,potato,0
23.75,58.75,77.61,groundnut,1
10.68,86.89,190.91,soybean,0
29.2,43.65,21.2,groundnut,0
43.72,30.25,22.83,sorghum,0
42.4,75.94,255.47,banana,0
11.96,87.98,63.52,sugarcane,0
9.59,24.43,138.89,potato,0
30.59,28.75,0.0,mustard,0
20.81,57.85,102.79,maize,1
16.96,67.2,65.44,potato,1
24.26,47.92,21.41,mustard,1
42.82,92.73,33.97,groundnut,0
11.64,92.89,254.65,banana,0
15.36,69.61,73.42,potato,1
29.97,50.22,77.94,groundnut,1
22.85,71.6,66.5,tomato,1
32.77,35.19,49.91,millet,1
18.33,49.74,58.28,wheat,1
27.01,71.28,204.89,rice,1
23.08,71.11,42.39,tomato,1
26.09,70.5,40.08,tomato,1
26.45,45.65,78.52,sunflower,1
23.88,70.31,46.48,tomato,1
42.77,61.31,329.19,soybean,0
5.04,93.86,184.08,potato,0
10.32,88.07,146.03,soybean,0
27.2,81.83,194.3,banana,1
32.91,78.99,188.4,rice,1
35.56,47.75,3.12,soybean,0
29.55,62.35,104.77,maize,1
0.43,57.5,120.2,mustard,0
24.06,47.42,74.38,sunflower,1
27.46,61.85,138.63,maize,1
4.48,58.5,90.23,mustard,0
42.84,63.39,278.07,millet,0
24.81,58.41,99.06,mango,1
18.49,44.34,21.2,mustard,1
27.17,50.2,61.16,sunflower,1
28.58,63.97,112.47,mango,1
41.99,33.71,18.65,cotton,0
29.84,53.65,29.18,potato,0
30.41,39.31,54.56,millet,1
31.49,75.21,205.07,rice,1
6.95,72.96,310.03,sunflower,0
42.84,40.0,21.08,sorghum,0
33.48,43.53,32.5,millet,1
31.53,75.46,183.02,banana,1
21.39,49.63,84.71,cotton,1
51.85,56.53,13.51,sugarcane,0
43.45,27.78,128.82,groundnut,0
28.68,52.38,75.87,groundnut,1
25.08,53.52,81.51,groundnut,1
6.57,79.94,152.63,sunflower,0
36.17,37.87,2.84,onion,0
42.67,36.72,39.51,groundnut,0
43.81,67.04,102.42,banana,0
33.51,49.33,89.8,sorghum,1
33.81,61.96,2.93,sunflower,0
2.1,58.5,90.58,mustard,0
39.27,36.93,28.17,sunflower,0
11.68,77.29,147.26,cotton,0
45.99,13.34,3.23,millet,0
6.95,66.85,244.38,groundnut,0
15.88,57.12,32.05,onion,1
12.38,48.92,21.51,mustard,1
26.84,77.61,211.27,banana,1
17.74,74.68,72.72,potato,1
37.95,92.75,105.77,rice,0
22.69,70.14,201.37,rice,1
51.99,52.23,70.87,sugarcane,0
-0.97,63.51,104.85,mustard,0
29.68,58.65,69.65,groundnut,1
29.72,52.77,91.35,groundnut,1
5.71,74.42,153.74,sunflower,0
40.71,35.22,15.49,mango,0
12.66,84.44,184.78,soybean,0
13.79,94.95,247.2,rice,0
19.08,66.06,55.35,tomato,1
17.42,27.53,129.1,soybean,0
26.38,77.46,193.23,rice,1
9.25,74.72,238.26,maize,0
28.03,57.06,133.15,maize,1
27.78,45.91,62.04,cotton,1
32.75,28.92,2.97,wheat,0
30.38,47.91,66.33,cotton,1
27.67,56.04,92.61,groundnut,1
9.94,49.49,262.15,rice,0
13.66,61.79,125.17,millet,0
22.65,53.92,84.09,sunflower,1
22.28,54.27,62.97,sunflower,1
42.46,19.96,0.94,millet,0
22.09,60.03,79.27,soybean,1
22.16,95.15,136.64,cotton,0
32.57,53.8,13.79,tomato,0
33.65,36.16,42.44,millet,1
21.08,67.22,72.95,soybean,1
4.92,61.2,179.76,wheat,0
45.26,21.42,4.16,millet,0
28.37,64.97,107.62,mango,1
18.91,42.97,248.41,potato,0
29.98,36.6,66.91,millet,1
46.45,64.55,14.45,rice,0
32.58,41.39,38.39,millet,1
21.51,71.94,189.1,rice,1
43.5,38.23,18.45,soybean,0
33.3,37.77,1.23,onion,0
18.27,59.88,107.96,millet,0
19.58,70.64,70.74,potato,1
20.03,75.33,127.63,sorghum,0
22.77,54.64,80.65,cotton,1
18.12,60.39,46.57,onion,1
14.98,64.28,30.3,onion,1
8.85,77.92,179.45,maize,0
18.92,65.97,86.92,potato,1
6.84,90.03,229.28,tomato,0
23.67,57.33,83.76,groundnut,1
19.76,55.5,60.41,onion,1
22.13,45.82,46.17,wheat,1
32.29,79.65,184.32,rice,1
37.33,77.6,181.41,sugarcane,1
27.52,45.43,62.82,sunflower,1
10.33,73.43,153.66,mango,0
7.45,27.82,111.32,tomato,0
47.47,53.68,15.75,rice,0
35.65,26.26,13.77,groundnut,0
8.4,91.46,178.85,soybean,0
6.78,92.32,198.43,soybean,0
27.68,53.97,66.83,cotton,1
39.83,29.78,20.06,sorghum,0
13.53,87.13,270.51,rice,0
29.75,68.97,84.99,soybean,1
37.86,20.53,0.0,mustard,0
23.64,48.91,63.8,sunflower,1
13.21,57.16,69.91,onion,1
37.61,23.37,15.29,wheat,0
21.03,62.16,77.13,soybean,1
27.55,50.73,75.49,sorghum,1
38.6,21.74,27.81,mango,0
29.58,76.09,186.11,rice,1
27.23,76.97,183.35,sugarcane,1
25.09,40.32,13.21,potato,0
25.49,71.84,53.62,tomato,1
9.42,72.09,137.01,cotton,0
32.47,38.8,0.62,onion,0
11.57,23.42,177.22,groundnut,0
41.26,64.31,53.12,rice,0
9.47,77.66,146.18,groundnut,0
13.32,68.45,143.52,cotton,0
31.4,82.63,193.28,banana,1
19.79,65.99,91.81,potato,1
28.6,44.8,14.83,potato,0
32.59,49.65,12.32,tomato,0
27.19,74.76,97.55,onion,0
18.1,59.58,66.58,onion,1
21.62,78.72,214.34,rice,1
27.2,68.8,80.84,soybean,1
3.22,86.44,215.18,maize,0
28.2,46.9,88.19,cotton,1
28.44,73.04,219.76,rice,1
11.69,44.9,55.82,mustard,1
37.62,23.74,0.0,mustard,0
15.92,72.42,192.55,mango,0
19.59,65.82,72.29,tomato,1
24.5,73.16,210.07,rice,1
39.89,35.64,7.18,wheat,0
37.42,37.64,22.9,mango,0
15.12,70.95,65.06,potato,1
7.0,87.71,245.92,rice,0
36.91,80.35,187.42,sugarcane,1
40.25,55.19,5.86,tomato,0
23.82,46.76,76.79,wheat,1
15.66,76.67,159.47,groundnut,0
39.52,39.84,28.15,sorghum,0
32.66,76.41,185.43,banana,1
28.15,49.18,87.22,sunflower,1
27.6,54.09,81.41,sorghum,1
28.19,83.65,213.1,sugarcane,1
22.96,42.94,21.72,mustard,1
18.98,78.68,120.1,sorghum,0
15.1,63.3,126.59,sorghum,0
26.48,81.42,206.07,banana,1
33.17,46.2,87.45,sorghum,1
26.21,81.21,188.61,sugarcane,1
40.16,27.56,22.92,sunflower,0
25.73,57.66,80.7,mango,1
20.29,47.75,79.1,wheat,1
33.14,80.74,187.44,sugarcane,1
22.96,49.09,59.97,wheat,1
41.84,28.9,77.87,banana,0
36.68,32.42,14.5,sunflower,0
25.81,64.4,237.0,sunflower,0
46.78,63.99,16.71,banana,0
24.95,62.27,76.98,soybean,1
2.64,90.52,174.08,potato,0
9.01,78.68,189.74,soybean,0
26.07,40.44,21.04,maize,0
19.59,55.17,120.91,maize,1
13.09,56.06,37.33,onion,1
20.6,79.87,82.58,millet,0
23.74,71.03,211.2,rice,1
25.2,62.17,114.53,maize,1
7.24,69.13,165.39,groundnut,0
11.55,101.67,289.25,rice,0
40.55,47.13,15.69,maize,0
16.24,61.17,51.73,onion,1
39.08,72.81,302.5,maize,0
24.38,56.38,102.36,mango,1
10.81,27.54,190.13,mango,0
21.69,65.98,71.59,soybean,1
6.91,106.38,252.58,sugarcane,0
36.19,41.71,9.35,onion,0
22.28,69.31,71.05,soybean,1
26.48,83.82,189.28,banana,1
18.65,62.44,108.12,maize,1
10.49,76.56,113.52,sunflower,0
10.74,90.93,106.42,tomato,0
23.16,69.74,45.38,tomato,1
5.48,94.97,250.57,sugarcane,0
10.58,27.54,272.63,banana,0
16.33,46.87,57.95,wheat,1
19.11,56.73,64.78,onion,1
19.42,66.41,74.8,potato,1
11.36,75.68,197.25,cotton,0
11.65,33.58,67.07,mustard,0
25.44,55.29,106.52,mango,1
38.7,31.91,0.0,mustard,0
25.05,54.74,93.89,groundnut,1
41.82,38.23,255.13,mango,0
11.67,90.97,266.52,banana,0
19.71,37.65,174.29,banana,0
29.06,37.77,138.36,sorghum,0
35.52,33.89,25.35,mango,0
42.25,88.47,201.04,sunflower,0
40.83,21.84,44.98,groundnut,0
45.89,45.32,42.46,rice,0
22.79,48.32,66.18,cotton,1
30.94,79.81,187.22,banana,1
31.79,84.62,192.08,sugarcane,1
31.91,50.63,62.03,sorghum,1
44.91,27.39,1.47,sunflower,0
14.17,43.02,56.9,mustard,1
46.7,69.48,68.47,banana,0
43.86,38.56,11.76,soybean,0
21.69,47.3,43.48,mustard,1
20.57,49.06,67.29,sunflower,1
46.65,66.01,76.75,sugarcane,0
11.03,76.12,173.42,cotton,0
38.62,59.93,209.73,potato,0
29.34,52.94,77.9,sunflower,1
33.85,39.38,37.58,millet,1
24.08,61.44,95.66,mango,1
10.74,101.14,307.61,rice,0
12.07,97.0,301.87,banana,0
24.7,69.93,70.22,soybean,1
19.16,59.45,40.66,onion,1
18.59,68.71,69.35,potato,1
32.26,36.67,53.11,millet,1
3.97,73.63,85.23,mustard,0
24.24,49.37,63.93,sunflower,1
5.16,89.23,115.16,tomato,0
18.51,64.58,168.63,sorghum,0
1.37,63.99,170.77,wheat,0
22.08,73.46,44.93,tomato,1
28.49,51.26,53.87,sorghum,1
29.28,61.75,85.65,mango,1
29.84,53.08,73.7,sorghum,1
41.56,43.09,40.35,soybean,0
40.23,66.13,75.84,banana,0
29.81,59.78,75.65,groundnut,1
0.49,77.39,165.13,onion,0
28.91,58.84,118.81,mango,1
27.15,46.27,78.45,sorghum,1
16.0,65.33,62.84,potato,1
29.49,73.35,212.74,rice,1
32.52,44.34,4.52,onion,0
34.94,70.73,188.53,rice,1
24.59,48.02,131.62,mango,0
39.41,44.24,247.12,millet,0
43.31,35.69,33.72,cotton,0
27.58,53.05,69.3,groundnut,1
21.99,56.16,59.95,onion,1
3.72,89.56,102.23,onion,0
21.23,46.63,67.11,cotton,1
16.89,20.1,32.29,banana,0
41.01,49.81,44.23,mango,0
7.18,71.01,148.35,cotton,0
32.52,83.39,192.8,banana,1
47.63,54.97,82.36,rice,0
33.01,47.98,73.49,sorghum,1
15.75,72.89,72.31,potato,1
31.72,52.08,69.96,cotton,1
30.79,26.7,0.0,mustard,0
22.29,52.07,56.35,sunflower,1
17.71,58.37,31.46,onion,1
13.1,74.03,163.99,mango,0
5.19,81.47,174.62,maize,0
17.61,42.92,25.2,mustard,1
10.84,46.48,23.2,mustard,1
23.98,46.72,62.13,cotton,0
17.57,63.96,63.96,onion,1
14.04,76.83,173.69,mango,0
24.68,50.57,45.36,wheat,1
11.13,95.55,266.14,banana,0
42.41,42.27,1.64,soybean,0
7.39,78.33,126.71,sunflower,0
38.71,94.5,279.66,sugarcane,0
4.16,55.07,145.39,mustard,0
42.64,24.24,4.61,sunflower,0
27.04,52.77,80.92,sunflower,1
32.59,16.5,0.0,mustard,0
8.58,73.74,148.24,maize,0
31.28,50.66,77.3,sorghum,1
32.45,48.1,77.4,sorghum,1
4.86,90.32,124.02,tomato,0
29.77,39.66,103.29,wheat,0
10.32,34.03,266.6,sorghum,0
29.47,49.26,51.62,sorghum,1
22.31,63.15,108.9,soybean,1
36.69,51.29,288.2,sorghum,0
20.74,72.64,62.96,tomato,1
8.4,24.21,55.09,rice,0
21.01,56.97,123.22,maize,1
14.03,57.1,60.88,onion,1
28.71,66.56,79.31,soybean,1
28.02,51.88,57.6,sunflower,1
23.98,61.28,105.29,soybean,1
11.79,82.97,156.34,groundnut,0
17.3,67.11,65.44,potato,1
15.93,65.81,95.2,potato,1
28.89,54.11,62.71,cotton,1
40.2,45.85,49.2,sugarcane,0
25.59,53.69,7.14,millet,0
20.05,50.73,45.99,wheat,1
15.63,60.78,117.29,sorghum,0
7.01,77.28,177.16,sunflower,0
43.24,59.61,136.83,banana,0
27.7,51.26,73.9,groundnut,1
30.95,41.16,32.52,millet,1
42.5,26.72,205.14,wheat,0
29.39,57.57,16.54,potato,0
29.46,76.82,203.61,banana,1
14.98,63.36,145.31,sorghum,0
14.96,42.83,156.89,sorghum,0
7.93,31.46,153.07,banana,0
42.87,26.72,0.35,groundnut,0
10.14,92.83,307.44,sugarcane,0
12.64,83.25,165.94,tomato,0
44.7,41.19,38.29,soybean,0
13.42,79.33,188.51,mango,0
13.71,93.57,182.65,soybean,0
8.24,75.04,168.27,sunflower,0
25.5,63.43,112.05,maize,1
26.57,36.14,68.33,millet,1
20.63,55.4,46.4,onion,1
17.6,60.68,41.23,onion,1
32.82,29.19,77.63,mango,0
13.99,35.72,334.59,sugarcane,0
34.22,52.61,55.51,sunflower,0
39.89,93.78,55.82,potato,0
14.49,22.3,127.69,onion,0
29.81,58.21,68.96,groundnut,1
10.81,44.08,27.09,mustard,1
32.84,37.82,72.06,potato,0
15.69,73.29,73.74,potato,1
24.29,66.26,326.11,sugarcane,0
43.71,70.51,196.46,soybean,0
28.53,83.1,225.17,mango,0
24.95,46.28,84.89,cotton,1
28.21,55.44,95.88,mango,1
15.41,66.35,77.51,potato,1
7.92,100.86,315.11,sugarcane,0
44.75,27.28,14.95,sunflower,0
27.54,60.26,103.81,mango,1
12.08,103.6,240.18,sugarcane,0
17.83,76.91,332.07,groundnut,0
32.67,75.96,211.53,banana,1
15.44,61.52,41.94,onion,1
28.36,63.1,92.39,mango,1
37.86,82.99,214.73,sugarcane,1
13.93,61.87,183.89,sunflower,0
29.42,52.16,132.05,mango,0
40.2,57.61,5.52,tomato,0
9.77,85.35,126.2,potato,0
23.72,82.36,212.73,sugarcane,1
29.64,52.76,70.08,groundnut,1
27.05,47.93,78.46,sorghum,1
6.69,65.85,130.57,sunflower,0
44.84,29.41,7.7,millet,0
23.62,46.5,55.94,mustard,1
13.31,89.12,191.04,soybean,0
42.28,54.04,299.45,mustard,0
26.28,50.15,99.92,cotton,1
26.31,82.8,203.29,sugarcane,1
29.57,62.12,97.09,mango,1
25.12,41.48,35.76,millet,1
29.13,37.0,65.65,millet,1
29.53,57.41,74.34,groundnut,1
33.54,28.26,230.69,banana,0
41.78,48.38,4.38,tomato,0
29.74,51.94,89.63,cotton,1
23.68,53.01,73.42,sunflower,1
25.21,57.14,5.99,potato,0
42.48,30.49,6.12,sunflower,0
9.25,39.34,42.88,rice,0
31.98,75.47,195.11,banana,1
12.9,84.84,175.99,soybean,0
46.65,37.54,27.15,cotton,0
20.69,64.85,108.45,maize,1
-1.56,84.62,160.97,onion,0
35.4,47.18,27.6,soybean,0
23.8,49.25,87.78,cotton,1
9.45,79.16,204.21,mango,0
19.94,65.87,80.17,potato,1
25.93,79.15,198.35,rice,1
28.61,63.47,114.87,mango,1
44.03,22.2,17.01,sorghum,0
9.16,88.35,134.92,soybean,0
34.23,42.64,52.71,millet,1
46.68,51.95,131.83,banana,0
39.97,50.34,18.72,tomato,0
13.88,83.2,192.2,groundnut,0
36.46,40.25,41.26,soybean,0
36.4,92.52,235.15,wheat,0
24.26,50.12,93.46,cotton,1
49.02,20.74,9.74,millet,0
15.73,67.16,76.44,potato,1
12.02,95.75,309.34,banana,0
12.97,47.87,49.13,mustard,1
35.01,42.14,8.5,tomato,0
10.34,41.49,43.09,mustard,1
27.56,61.96,127.72,maize,1
5.88,93.36,144.6,soybean,0
21.17,66.74,61.73,tomato,1
34.18,47.28,19.58,tomato,0
38.86,80.64,153.42,sugarcane,0
22.79,76.06,319.08,groundnut,0
32.46,70.87,215.27,rice,1
15.59,45.34,73.87,wheat,1
19.54,81.79,183.06,soybean,0
23.2,61.77,98.9,soybean,1
25.39,52.02,61.96,groundnut,1
28.81,81.23,203.75,banana,1
30.48,49.54,87.52,sorghum,1
22.44,58.31,67.52,groundnut,1
18.01,42.15,229.64,wheat,0
15.11,47.59,60.43,wheat,1
27.83,60.23,97.89,mango,1
10.96,71.53,186.89,groundnut,0
8.04,61.87,154.99,cotton,0
23.19,49.79,86.61,cotton,1
22.25,54.08,69.17,sunflower,1
34.94,75.29,218.84,rice,1
31.9,30.99,9.79,onion,0
20.7,46.07,71.41,sunflower,1
-0.65,75.75,148.23,onion,0
32.58,36.68,44.8,millet,1
16.34,90.37,92.57,cotton,0
33.55,52.76,74.78,sorghum,1
35.06,25.07,2.34,groundnut,0
44.57,37.63,13.54,groundnut,0
16.12,62.96,57.32,onion,1
6.2,87.24,116.26,onion,0
31.73,63.2,100.51,sunflower,0
36.73,43.33,10.57,tomato,0
36.84,28.89,26.32,groundnut,0
30.72,55.04,17.2,potato,0
27.01,61.99,73.75,soybean,1
19.63,71.69,46.81,tomato,1
43.14,33.97,4.61,groundnut,0
19.63,67.92,134.48,sorghum,0
5.9,70.44,121.61,sunflower,0
43.7,34.53,52.22,maize,0
17.62,53.63,61.11,wheat,1
37.3,36.57,110.04,mustard,0
43.42,32.83,36.86,mango,0
19.35,56.1,61.08,onion,1
7.24,84.37,166.05,potato,0
51.19,59.75,14.36,sugarcane,0
39.35,66.93,245.32,sugarcane,0
23.39,48.41,70.76,wheat,1
23.1,46.0,89.85,sunflower,1
21.49,71.25,76.39,groundnut,0
18.68,62.56,128.08,millet,0
25.99,65.31,55.94,tomato,1
14.95,100.36,257.34,sugarcane,0
48.77,50.07,102.11,banana,0
5.04,96.54,137.11,tomato,0
30.41,50.21,80.28,sorghum,1
29.86,77.68,209.82,banana,1
27.28,45.28,81.86,sorghum,1
10.59,45.91,50.9,mustard,1
28.92,42.05,65.65,millet,1
23.9,53.13,68.54,sunflower,1
11.75,84.61,150.88,soybean,0
28.87,80.9,208.81,sugarcane,1
8.12,91.49,315.31,rice,0
42.57,65.75,187.66,maize,0
26.0,63.58,103.69,mango,1
21.66,62.9,97.4,soybean,1
25.54,74.11,58.86,tomato,1
19.96,68.4,69.45,potato,1
15.31,55.93,150.23,millet,0
30.73,58.51,37.47,potato,0
14.76,95.47,206.37,mustard,0
30.79,52.94,119.98,millet,0
29.67,57.23,116.23,maize,1
14.31,56.25,121.13,millet,0
29.92,52.11,63.05,cotton,1
50.24,65.0,117.55,sugarcane,0
28.04,45.82,70.14,sorghum,1
32.05,53.11,74.55,sorghum,1
10.14,96.49,43.37,groundnut,0
26.45,63.83,93.03,soybean,1
26.68,48.72,80.19,sorghum,1
20.68,67.6,328.3,rice,0
8.12,75.54,164.13,cotton,0
37.22,49.17,0.59,tomato,0
25.42,45.17,56.42,sunflower,1
40.64,48.79,202.9,sugarcane,0
9.15,81.15,98.72,mustard,0
34.16,42.96,32.65,millet,1
25.5,73.44,44.76,tomato,1
42.25,40.63,15.16,maize,0
19.33,60.74,119.76,maize,1
26.61,51.44,72.17,cotton,1
18.82,68.59,93.97,potato,1
8.26,61.76,177.93,cotton,0
19.95,74.73,51.26,tomato,1
29.76,39.76,67.93,millet,1
26.94,58.23,76.77,groundnut,1
25.01,83.02,188.75,sugarcane,1
24.13,59.97,93.05,groundnut,1
25.95,56.87,116.67,mango,1
32.4,70.71,186.64,rice,1
49.38,57.96,22.17,sugarcane,0
11.75,79.07,143.18,groundnut,0
24.55,52.1,78.54,sunflower,1
13.9,83.07,198.09,groundnut,0
26.81,86.38,93.37,mustard,0
32.64,84.08,224.99,tomato,0
14.51,67.47,100.68,millet,0
28.94,64.67,86.94,mango,1
-0.26,60.73,152.4,mustard,0
38.13,21.51,78.83,soybean,0
28.93,52.86,79.14,cotton,1
28.6,66.46,204.84,mango,0
26.68,45.61,51.33,sorghum,1
28.43,63.6,117.72,maize,1
25.93,55.28,118.79,mango,1
34.63,29.56,247.77,wheat,0
15.7,55.54,35.87,onion,1
20.77,55.63,30.48,onion,1
24.34,61.45,109.02,mango,1
0.6,62.95,156.38,wheat,0
40.05,39.87,0.88,sorghum,0
6.12,61.1,153.29,wheat,0
35.28,39.23,15.15,soybean,0
31.5,72.8,35.98,sorghum,0
34.86,80.81,208.13,banana,1
22.61,60.55,89.42,soybean,1
12.19,89.5,109.34,tomato,0
22.87,93.29,194.94,potato,0
9.82,87.93,228.96,maize,0
35.09,45.44,28.22,mango,0
29.18,55.88,119.18,mango,1
18.62,67.01,73.02,tomato,1
28.92,55.84,123.93,maize,1
23.06,53.86,275.39,mustard,0
25.07,75.88,189.2,rice,1
38.21,26.26,0.0,mustard,0
26.88,67.24,72.55,tomato,1
30.43,78.57,210.62,rice,1
33.31,19.59,0.0,mustard,0
30.9,41.25,58.47,millet,1
26.73,36.39,52.22,millet,1
28.74,27.43,338.6,mustard,0
22.54,80.14,187.82,sugarcane,1
17.1,68.89,97.36,potato,1
41.21,32.08,331.12,groundnut,0
23.4,48.41,349.56,sunflower,0
15.62,62.06,183.45,cotton,0
12.0,82.33,162.62,rice,0
35.8,46.31,65.93,potato,0
7.81,74.82,168.21,groundnut,0
29.06,39.35,38.45,millet,1
22.03,97.93,117.54,cotton,0
33.08,79.15,201.24,banana,1
8.37,99.86,132.41,tomato,0
40.06,46.07,11.31,tomato,0
16.95,31.99,267.92,wheat,0
24.93,62.74,115.93,maize,1
10.84,63.68,138.79,cotton,0
17.33,24.19,1.63,sorghum,0
25.96,62.06,101.82,mango,1
14.64,100.1,310.92,banana,0
26.16,27.01,253.43,maize,0
26.95,25.49,343.98,sunflower,0
39.03,37.41,12.05,sorghum,0
27.93,57.17,103.93,mango,1
12.84,102.85,307.07,banana,0
18.24,39.73,305.59,banana,0
26.06,47.8,71.11,sorghum,1
31.29,50.68,60.14,sorghum,1
26.67,75.37,205.55,banana,1
25.6,74.74,87.16,tomato,0
25.56,75.06,193.65,rice,1
11.75,49.8,35.49,mustard,1
26.32,50.77,87.73,groundnut,1
8.95,46.36,23.52,soybean,0
28.34,39.82,314.04,potato,0
28.06,73.96,245.89,maize,0
34.13,38.17,208.6,mustard,0
48.73,46.04,76.89,rice,0
9.35,84.3,133.19,soybean,0
26.69,52.21,77.35,groundnut,1
12.65,76.84,154.42,mango,0
3.09,95.9,126.95,tomato,0
18.45,70.79,60.12,potato,1
5.55,52.64,78.65,rice,0
15.31,44.57,44.63,mustard,1
15.35,80.48,158.74,sugarcane,0
30.76,45.68,81.58,sorghum,1
41.65,12.24,1.48,millet,0
20.18,50.89,88.6,sunflower,1
11.22,27.84,192.48,mango,0
28.08,39.06,53.93,millet,1
33.15,73.15,206.22,rice,1
34.77,66.71,252.78,onion,0
26.24,64.21,105.31,maize,1
29.95,46.5,67.3,cotton,1
13.4,33.79,303.43,mustard,0
30.88,62.73,8.3,soybean,0
22.77,58.56,90.53,groundnut,1
32.91,53.47,68.78,banana,0
13.49,37.4,196.34,cotton,0
19.6,68.22,122.56,sorghum,0
17.6,63.41,48.96,onion,1
33.23,77.54,187.65,sugarcane,1
21.53,53.25,63.21,sunflower,1
33.03,26.41,58.42,maize,0
16.07,48.05,77.95,wheat,1
42.95,30.08,8.7,sunflower,0
13.15,73.76,131.42,groundnut,0
23.11,57.55,130.63,maize,1
12.85,65.05,142.33,millet,0
40.5,59.04,189.36,rice,0
7.75,66.75,116.14,sunflower,0
31.91,81.42,207.26,banana,1
20.7,49.26,210.8,onion,0
42.94,43.43,50.28,mango,0
7.83,87.3,185.26,potato,0
32.59,83.59,196.54,sugarcane,1
45.59,69.2,52.52,sugarcane,0
20.3,41.02,54.42,mustard,1
27.8,55.72,127.44,maize,1
42.61,37.88,7.94,cotton,0
20.74,93.81,144.88,potato,0
18.97,65.53,82.78,potato,1
29.36,23.0,96.39,wheat,0
31.13,33.09,7.73,onion,0
36.2,37.73,38.1,groundnut,0
14.8,66.12,132.66,sorghum,0
32.97,79.67,191.16,rice,1
40.71,35.56,2.01,mango,0
8.82,105.58,295.51,sugarcane,0
25.25,65.08,107.12,soybean,1
43.53,20.07,7.19,sunflower,0
7.62,75.73,216.68,sunflower,0
29.49,48.95,8.07,onion,0
10.84,72.28,163.72,cotton,0
39.89,30.33,36.53,groundnut,0
29.74,79.52,184.92,banana,1
18.06,55.39,92.87,onion,0
36.36,32.62,15.17,groundnut,0
28.48,50.01,79.05,groundnut,1
37.43,28.54,2.6,groundnut,0
14.2,61.04,59.53,onion,1
42.5,24.27,7.68,millet,0
34.6,48.31,209.9,banana,0
9.66,92.79,209.55,soybean,0
34.06,40.74,43.26,millet,1
22.23,55.8,69.81,onion,1
28.25,54.21,64.31,sorghum,1
7.62,89.58,144.11,potato,0
24.39,53.51,58.72,wheat,1
28.74,80.01,191.94,banana,1
20.0,64.22,120.67,maize,1
17.78,49.56,57.98,mustard,1
38.23,33.39,0.0,mustard,0
28.33,38.96,52.76,millet,1
13.31,71.62,173.2,groundnut,0
25.12,52.28,96.7,groundnut,1
18.24,68.77,78.14,potato,1
27.33,69.21,87.03,soybean,1
22.72,54.06,84.87,groundnut,1
4.14,85.36,156.19,potato,0
3.49,81.67,184.76,potato,0
13.7,104.62,259.1,rice,0
18.85,63.22,136.44,maize,1
28.4,68.64,94.04,soybean,1
30.58,84.24,186.94,sugarcane,1
35.95,38.16,49.75,mango,0
35.62,87.53,143.59,millet,0
29.98,82.4,210.64,banana,1
14.37,109.97,254.04,banana,0
20.65,54.9,49.03,wheat,1
19.0,70.92,47.17,tomato,1
15.93,74.47,88.1,potato,1
36.77,32.53,4.98,wheat,0
5.88,33.25,317.25,mustard,0
11.87,65.87,186.13,cotton,0
19.53,108.52,272.34,banana,0
24.71,59.84,139.54,maize,1
32.72,84.15,191.12,banana,1
18.97,67.31,93.13,potato,1
14.85,63.83,42.0,onion,1
33.16,52.03,80.5,sorghum,1
25.55,57.13,127.42,maize,1
27.87,87.91,24.97,maize,0
33.42,35.54,40.58,millet,1
16.72,66.62,88.55,potato,1
31.06,36.87,34.67,millet,1
9.86,93.84,261.85,rice,0
22.99,70.24,189.79,rice,1
40.06,49.27,175.63,rice,0
26.44,43.96,40.32,millet,1
9.52,86.14,306.54,rice,0
22.7,73.56,72.53,tomato,1
15.03,49.89,57.48,mustard,1
30.49,81.62,214.74,banana,1
39.85,59.59,5.57,tomato,0
23.5,44.8,32.83,mustard,1
37.02,36.6,288.24,onion,0
19.86,73.72,64.38,tomato,1
19.14,101.05,316.63,banana,0
29.16,46.01,92.3,cotton,1
14.59,64.22,108.24,millet,0
16.06,68.79,70.2,potato,1
29.87,63.3,100.7,mango,1
27.26,56.08,98.23,mango,1
26.69,53.12,63.71,sunflower,1
28.4,28.5,83.78,banana,0
41.24,38.55,36.67,groundnut,0
15.04,105.21,268.93,banana,0
18.55,66.36,48.49,tomato,1
21.44,52.62,57.85,sunflower,1
24.05,54.52,62.01,sunflower,1
13.52,79.86,321.96,wheat,0
28.3,99.01,33.89,sorghum,0
0.93,67.21,106.59,wheat,0
27.64,64.2,87.89,soybean,1
33.88,75.38,208.78,rice,1
33.78,45.01,87.34,sorghum,1
38.54,43.43,1.87,tomato,0
24.79,67.3,52.68,tomato,1
11.7,79.21,155.22,sunflower,0
1.61,61.5,175.35,wheat,0
13.84,64.66,162.77,sorghum,0
9.25,87.44,141.8,mango,0
23.35,50.16,67.59,groundnut,1
18.92,97.06,96.78,maize,0
18.44,57.61,135.76,maize,1
23.54,51.86,80.74,groundnut,1
48.66,51.64,19.92,rice,0
17.68,56.47,38.92,onion,1
20.26,82.41,322.66,maize,0
44.53,80.62,23.15,maize,0
27.3,80.09,176.21,mustard,0
24.08,60.5,115.15,maize,1
10.68,88.93,175.3,soybean,0
21.65,56.15,55.72,onion,1
22.96,59.34,97.4,groundnut,1
7.25,73.81,187.47,groundnut,0
9.03,74.29,140.17,wheat,0
18.64,72.45,58.51,tomato,1
38.84,77.0,245.79,millet,0
42.15,66.41,41.96,banana,0
27.52,53.68,57.36,sunflower,1
44.08,31.0,44.57,mango,0
37.89,30.18,6.73,onion,0
25.7,59.03,102.81,mango,1
27.19,46.28,86.12,sorghum,1
15.0,62.75,40.73,onion,1
26.58,66.94,64.33,tomato,1
30.36,81.52,186.21,sugarcane,1
31.73,53.95,77.94,cotton,1
43.71,37.63,20.98,soybean,0
16.65,63.54,32.38,onion,1
41.04,33.08,54.65,mango,0
32.14,70.06,212.23,rice,1
27.95,35.98,88.37,cotton,0
10.41,84.51,174.61,soybean,0
6.09,24.17,224.56,millet,0
14.39,92.07,304.82,sugarcane,0
35.77,42.28,31.61,mango,0
16.9,94.73,288.67,banana,0
22.84,62.52,46.88,onion,1
13.51,59.76,67.48,onion,1
42.64,42.86,0.78,mango,0
29.18,67.16,106.77,soybean,1
15.1,68.29,71.8,potato,1
28.47,48.43,64.75,sorghum,1
34.33,27.3,247.18,maize,0
35.22,54.72,16.77,tomato,0
18.04,56.87,302.18,millet,0
38.19,47.68,9.82,soybean,0
-1.16,56.86,84.94,mustard,0
22.52,52.46,65.66,groundnut,1
28.12,54.67,84.85,sorghum,1
26.27,49.14,75.02,sunflower,1
38.91,38.05,0.29,onion,0
23.99,65.86,53.37,tomato,1
29.19,79.46,212.01,banana,1
23.48,53.79,75.39,cotton,1
24.1,59.87,111.86,maize,1
38.77,28.46,143.76,mustard,0
24.96,60.89,117.32,mango,1
-2.42,63.09,110.5,mustard,0
9.43,64.03,160.8,sunflower,0
28.12,99.21,12.33,mango,0
21.01,52.44,72.46,sunflower,1
24.63,60.58,107.15,maize,1
27.21,80.93,219.03,sugarcane,1
27.98,59.19,117.1,mango,1
19.05,66.34,140.59,sorghum,0
33.32,49.53,25.44,potato,0
24.29,64.52,109.35,mango,1
20.2,49.36,67.81,sunflower,1
24.22,41.22,43.67,mustard,1
48.22,58.05,92.11,banana,0
12.53,68.4,175.48,rice,0
33.2,35.53,48.56,millet,1
23.99,53.5,69.05,groundnut,1
28.02,45.32,70.77,cotton,1
18.74,99.98,312.75,banana,0
16.09,56.11,57.4,onion,1
25.72,61.38,82.45,mango,1
23.91,68.31,104.37,soybean,1
20.54,86.0,102.45,sunflower,0
9.52,61.48,113.61,wheat,0
19.43,56.73,36.28,onion,1
19.88,60.23,101.79,millet,0
46.71,10.59,1.46,millet,0
26.53,36.79,34.65,sorghum,0
27.43,81.47,188.79,banana,1
18.14,65.13,61.44,potato,1
18.63,65.71,70.31,potato,1
21.97,51.6,71.84,sunflower,1
26.52,52.09,76.95,cotton,1
31.23,78.7,219.5,banana,1
49.99,61.95,68.2,rice,0
17.66,47.76,46.79,mustard,1
34.52,81.94,218.97,sugarcane,1
13.42,78.61,283.65,sorghum,0
38.68,55.62,106.43,millet,0
14.41,64.24,324.99,mustard,0
19.87,66.87,74.63,potato,1
22.59,53.53,98.87,cotton,1
14.71,96.65,307.77,banana,0
26.53,83.8,196.69,banana,1
47.27,61.59,99.46,banana,0
7.67,81.61,112.77,tomato,0
16.09,109.11,273.68,banana,0
22.36,56.7,36.5,onion,1
18.06,68.34,52.87,tomato,1
21.61,59.33,39.67,onion,1
28.09,80.0,194.0,rice,1
35.44,41.04,4.64,soybean,0
23.61,58.0,67.55,onion,1
38.96,39.23,5.53,soybean,0
39.77,41.89,23.54,soybean,0
38.13,20.75,0.0,mustard,0
25.48,57.5,83.82,mango,1
9.58,107.31,274.85,sugarcane,0
6.52,93.5,122.27,potato,0
42.22,42.33,32.83,soybean,0
29.72,76.09,186.85,rice,1
28.4,55.68,74.99,groundnut,1
14.87,60.46,56.6,onion,1
21.58,47.19,73.42,sunflower,1
26.31,58.05,98.64,groundnut,1
27.29,82.5,125.05,onion,0
29.04,48.51,75.29,sorghum,1
10.33,70.43,190.22,maize,0
4.05,56.77,126.48,mustard,0
38.09,36.88,56.15,mango,0
27.58,67.0,99.34,soybean,1
34.37,73.97,208.6,rice,1
35.61,30.38,1.47,onion,0
30.9,44.64,8.1,onion,0
11.79,68.14,141.58,millet,0
17.52,67.11,74.86,potato,1
17.42,58.31,125.4,millet,0
18.39,75.88,137.87,sorghum,0
14.45,63.77,60.2,onion,1
31.99,83.94,207.88,sugarcane,1
9.65,90.22,262.18,sugarcane,0
23.01,70.4,62.22,tomato,1
34.37,53.19,14.73,potato,0
20.28,80.09,188.29,sugarcane,1
26.05,60.67,102.18,maize,1
27.21,61.23,120.43,maize,1
14.25,20.58,130.78,maize,0
3.53,67.77,114.0,mustard,0
36.64,34.53,32.69,maize,0
12.48,44.72,40.75,mustard,1
22.11,55.53,53.23,onion,1
25.34,41.19,32.28,millet,1
33.12,52.36,75.84,sorghum,1
22.95,46.71,43.85,mustard,1
40.39,24.52,11.91,sunflower,0
29.14,30.8,7.07,onion,0
24.17,92.75,203.23,sunflower,0
23.49,51.48,67.09,wheat,1
11.96,78.69,170.27,sunflower,0
42.97,27.19,1.6,millet,0
38.32,26.8,37.26,groundnut,0
40.17,35.75,14.67,mango,0
43.22,60.76,129.67,banana,0
28.03,59.21,110.49,mango,1
23.39,64.83,102.98,maize,1
32.16,79.06,191.11,banana,1
40.35,35.29,5.57,cotton,0
14.87,58.22,322.51,sorghum,0
19.91,60.66,122.63,maize,1
28.73,49.64,58.97,sorghum,1
30.97,72.68,214.07,rice,1
34.39,78.8,206.43,sugarcane,1
20.64,45.62,61.91,wheat,1
8.28,75.23,154.1,wheat,0
17.31,73.53,165.8,sorghum,0
20.93,58.5,317.99,sugarcane,0
45.29,24.32,9.64,millet,0
34.2,77.29,180.03,banana,1
19.22,99.01,326.87,sunflower,0
22.08,56.93,61.67,groundnut,1
12.69,48.95,36.07,mustard,1
33.28,83.14,184.4,banana,1
9.49,67.99,313.02,onion,0
29.53,50.06,79.3,sorghum,1
48.4,20.72,2.87,millet,0
33.51,46.73,12.74,tomato,0
26.28,51.05,93.05,groundnut,1
13.06,88.99,168.41,sorghum,0
42.27,45.31,70.41,maize,0
19.91,30.41,20.99,rice,0
29.91,55.94,104.76,mango,1
31.85,52.98,80.09,cotton,1
19.38,51.97,52.76,wheat,1
12.2,47.92,34.6,mustard,1
9.97,65.19,133.49,wheat,0
25.49,67.13,53.1,tomato,1
23.83,57.01,86.02,groundnut,1
14.45,63.12,31.07,onion,1
33.9,81.0,199.18,sugarcane,1
38.98,32.55,1.49,groundnut,0
44.79,35.69,26.01,maize,0
37.79,47.07,47.43,mango,0
15.09,46.71,59.99,wheat,1
35.93,35.99,29.49,maize,0
26.41,54.75,14.23,potato,0
18.09,74.65,44.73,tomato,1
9.37,83.85,124.93,tomato,0
45.04,38.78,17.62,sorghum,0
10.76,74.98,184.96,mango,0
41.01,44.99,22.29,mango,0
24.15,63.43,121.91,maize,1
31.48,81.94,199.56,sugarcane,1
20.25,67.71,87.88,soybean,1
23.9,26.05,136.45,tomato,0
6.61,90.93,178.37,potato,0
33.9,78.49,186.65,rice,1
34.03,40.14,0.53,onion,0
39.53,35.91,26.19,sorghum,0
23.33,68.97,77.29,tomato,1
23.53,57.45,32.69,onion,1
-0.48,82.71,133.49,onion,0
17.19,94.02,155.12,soybean,0
12.34,66.35,172.96,sorghum,0
-1.63,65.72,132.83,mustard,0
26.98,57.03,97.91,mango,1
24.01,53.69,69.03,cotton,1
27.45,53.52,71.6,cotton,1
41.62,68.66,88.9,banana,0
38.29,41.54,19.16,tomato,0
18.07,62.2,102.53,maize,1
24.88,80.73,217.3,sugarcane,1
31.6,83.1,190.71,banana,1
49.27,50.34,11.65,banana,0
13.95,93.14,251.11,banana,0
39.11,34.37,34.72,groundnut,0
26.86,47.38,63.63,sorghum,1
23.48,47.49,139.77,sorghum,0
24.84,70.88,63.76,tomato,1
14.83,61.45,44.24,onion,1
13.06,23.01,207.17,mango,0
23.53,47.74,78.6,sunflower,1
43.33,14.7,9.08,millet,0
38.94,38.43,6.73,onion,0
42.83,94.06,146.49,mango,0
39.74,20.15,11.24,sunflower,0
42.56,61.7,87.81,rice,0
30.92,58.14,19.23,banana,0
46.28,20.32,1.87,millet,0
37.46,32.65,21.71,mango,0
10.93,78.01,156.13,groundnut,0
23.73,51.81,85.22,groundnut,1
30.06,28.2,4.66,wheat,0
17.68,46.3,45.89,mustard,1
-1.89,57.69,105.28,mustard,0
30.45,74.94,189.76,rice,1
26.9,78.29,205.29,banana,1
3.78,74.32,201.56,maize,0
28.9,59.71,62.12,groundnut,1
19.72,56.72,53.49,onion,1
13.08,107.25,276.3,sugarcane,0
44.93,40.82,26.76,groundnut,0
18.29,62.17,101.52,maize,1
11.44,60.59,125.83,sorghum,0
14.74,55.8,165.52,millet,0
32.8,41.85,7.9,groundnut,0
28.01,53.27,28.57,potato,0
14.78,85.09,143.63,mango,0
9.71,82.0,246.41,rice,0
21.07,86.33,323.28,mango,0
31.34,39.48,8.86,wheat,0
22.86,56.83,83.6,groundnut,1
5.17,78.4,222.86,maize,0
24.18,43.89,58.75,mustard,1
21.8,75.47,219.99,sugarcane,1
28.69,40.8,68.47,millet,1
29.56,47.43,81.88,sorghum,1
23.22,54.67,65.67,wheat,1
21.83,83.6,212.03,sugarcane,1
9.88,76.33,69.83,groundnut,0
19.66,73.55,45.0,tomato,1
28.7,78.7,186.13,sugarcane,1
28.68,58.3,102.06,mango,1
21.05,56.96,104.83,maize,1
22.08,72.31,207.76,rice,1
18.23,69.23,173.35,sorghum,0
18.11,65.01,41.84,tomato,1
10.03,45.41,23.37,mustard,1
26.52,64.75,107.11,maize,1
14.39,61.69,141.61,cotton,0
13.46,101.56,273.04,banana,0
13.5,64.11,174.23,sunflower,0
37.02,74.2,217.1,wheat,0
8.57,93.65,132.22,cotton,0
19.79,74.24,78.26,potato,1
32.71,81.77,218.94,sugarcane,1
23.55,68.39,82.68,soybean,1
9.29,21.26,51.48,mango,0
28.85,75.64,214.99,banana,1
17.32,87.35,211.84,mango,0
29.65,64.5,107.71,mango,1
43.96,69.72,131.11,banana,0
21.45,80.48,207.31,sugarcane,1
26.65,37.44,53.28,millet,1
10.75,99.78,274.6,sugarcane,0
7.23,100.37,294.11,sugarcane,0
26.62,51.18,37.77,potato,0
42.06,34.85,251.39,groundnut,0
35.48,45.01,6.01,mango,0
26.34,78.65,218.48,sugarcane,1
3.72,71.71,137.1,wheat,0
45.14,25.33,1.83,millet,0
24.91,60.15,88.18,mango,1
15.64,54.94,77.38,wheat,1
22.18,82.21,190.25,sugarcane,1
23.56,69.23,79.54,tomato,1
9.47,82.97,143.8,mango,0
12.08,99.22,253.75,sugarcane,0
11.68,56.28,48.2,onion,0
1.94,73.21,165.18,onion,0
29.97,51.86,73.64,groundnut,1
11.11,71.84,191.98,maize,0
24.59,31.89,188.5,rice,0
24.62,53.75,65.81,groundnut,1
29.57,73.57,311.8,potato,0
42.81,49.33,54.8,mango,0
29.44,56.46,81.92,mango,1
14.06,77.16,131.32,groundnut,0
31.25,82.97,180.96,banana,1
41.4,90.08,58.04,sorghum,0
30.38,79.5,181.03,banana,1
26.5,57.02,80.87,groundnut,1
25.22,73.33,206.81,rice,1
26.36,36.37,62.24,millet,1
50.04,67.08,142.61,sugarcane,0
25.58,66.4,74.37,tomato,1
4.4,65.27,166.97,wheat,0
25.74,73.99,58.48,tomato,1
30.34,94.88,282.44,mango,0
15.77,46.62,49.62,wheat,1
27.34,52.51,74.27,groundnut,1
46.34,26.92,2.67,millet,0
16.47,56.37,32.44,onion,1
11.38,83.9,48.83,groundnut,0
24.29,49.12,73.49,cotton,1
23.33,49.72,96.34,cotton,1
10.06,40.83,64.57,millet,0
21.16,61.18,94.63,soybean,1
40.71,33.5,5.33,sorghum,0
-0.38,55.05,83.53,mustard,0
22.1,53.27,72.25,groundnut,1
18.24,48.85,51.67,wheat,1
19.27,49.96,78.89,wheat,1
21.44,66.3,73.35,soybean,1
14.78,23.7,215.61,sorghum,0
29.53,79.27,217.41,sugarcane,1
49.7,59.53,81.61,banana,0
34.72,27.36,295.47,millet,0
36.55,46.13,8.14,tomato,0
14.33,90.84,296.43,rice,0
12.87,66.82,28.25,cotton,0
39.16,27.3,35.94,cotton,0
40.43,38.57,17.84,soybean,0
28.48,56.69,74.6,groundnut,1
23.17,48.94,43.56,mustard,1
46.86,38.53,2.95,sorghum,0
15.94,101.85,263.82,banana,0
6.21,91.12,190.95,rice,0
28.89,52.59,85.35,sorghum,1
31.78,39.27,208.51,mustard,0
30.79,46.86,74.18,cotton,1
30.47,73.4,186.22,rice,1
28.36,55.79,63.86,groundnut,1
45.98,59.2,119.69,banana,0
8.45,66.83,138.92,sunflower,0
39.03,32.76,28.26,sorghum,0
45.99,17.24,4.8,millet,0
19.96,75.56,250.48,sorghum,0
28.03,55.48,104.63,maize,1
14.22,64.83,65.44,onion,1
27.6,60.48,114.96,maize,1
11.54,51.62,156.46,millet,0
40.42,26.93,32.58,groundnut,0
24.7,70.38,40.83,tomato,1
23.55,90.18,130.75,banana,0
13.84,73.58,129.75,groundnut,0
27.55,56.84,97.29,mango,1
25.35,64.24,98.77,soybean,1
30.46,32.52,16.73,wheat,0
21.97,52.14,87.5,sugarcane,0
33.72,41.27,58.16,millet,1
20.83,95.17,273.77,cotton,0
27.13,60.62,123.31,maize,1
20.01,73.98,58.44,tomato,1
26.88,37.97,95.01,banana,0
29.44,61.67,80.98,mango,1
28.98,97.8,338.99,onion,0
25.61,54.31,80.15,cotton,1
27.2,82.25,188.8,banana,1
11.09,65.99,175.78,sorghum,0
26.94,38.59,40.79,millet,1
18.01,45.61,77.94,wheat,1
14.76,47.13,44.55,mustard,1
27.47,73.6,143.78,rice,0
23.41,74.38,55.74,tomato,1
19.38,62.56,66.12,onion,1
8.09,69.57,186.65,groundnut,0
10.71,85.67,320.03,mango,0
48.83,66.51,4.33,banana,0
24.95,66.26,90.98,soybean,1
31.57,76.37,190.48,rice,1
16.33,66.32,92.93,potato,1
32.66,42.46,30.9,millet,1
23.65,51.42,71.02,groundnut,1
29.72,58.58,79.33,groundnut,1
18.54,23.76,57.05,onion,0
9.15,25.53,305.41,mustard,0
30.65,41.78,52.21,millet,1
27.27,63.18,117.66,mango,1
23.52,45.73,24.12,mustard,1
35.83,50.98,224.88,sunflower,0
25.45,57.64,65.33,groundnut,1
29.22,51.81,72.14,sorghum,1
17.19,46.34,46.13,wheat,1
14.67,71.51,165.78,mango,0
32.75,84.65,183.48,sugarcane,1
29.46,79.71,190.18,banana,1
22.58,67.87,80.38,soybean,1
17.62,73.81,69.68,potato,1
12.84,99.13,149.71,tomato,0
34.78,48.22,8.93,tomato,0
20.35,70.65,73.02,tomato,1
28.86,46.95,27.63,potato,0
34.47,62.29,142.61,sunflower,0
5.88,101.89,259.47,rice,0
17.89,55.48,96.41,millet,0
26.45,73.39,64.6,tomato,1
40.26,51.74,74.24,banana,0
25.17,56.62,72.39,groundnut,1
25.1,52.61,91.87,groundnut,1
30.62,38.59,205.61,sorghum,0
40.0,36.7,16.04,sunflower,0
39.9,41.66,234.29,mango,0
29.07,60.9,90.79,mango,1
29.31,54.09,60.41,groundnut,1
3.66,65.65,116.9,mustard,0
21.47,72.9,78.39,tomato,1
22.01,71.27,45.71,tomato,1
23.76,59.45,130.99,maize,1
18.9,70.16,204.22,mango,0
35.01,63.9,218.06,maize,0
24.15,63.09,99.79,mango,1
24.05,64.16,116.95,mango,1
27.66,47.7,37.33,potato,0
36.26,47.52,197.98,wheat,0
13.1,69.0,154.68,sorghum,0
31.67,46.0,81.07,cotton,1
7.97,77.71,20.96,banana,0
6.36,73.87,100.77,wheat,0
17.05,50.83,43.64,wheat,1
28.72,74.73,201.24,rice,1
25.11,35.08,32.72,millet,1
26.86,49.25,53.78,sorghum,1
18.84,53.93,215.94,soybean,0
24.01,61.03,80.34,mango,1
9.69,77.69,139.45,wheat,0
20.13,49.97,43.94,wheat,1
21.83,72.61,46.4,tomato,1
16.86,80.05,71.79,banana,0
10.44,52.56,159.73,millet,0
26.29,77.48,201.85,rice,1
1.89,93.64,159.75,potato,0
27.93,63.96,119.01,mango,1
19.71,71.82,62.16,potato,1
12.5,46.53,48.1,mustard,1
3.88,63.6,125.51,wheat,0
43.67,64.86,249.36,maize,0
13.15,43.08,33.01,mustard,1
32.6,77.54,213.3,banana,1
19.61,70.91,90.9,potato,1
44.66,37.24,307.24,potato,0
38.05,26.46,27.5,cotton,0
47.41,27.85,1.69,millet,0
30.73,53.23,64.5,cotton,1
44.96,67.97,256.25,soybean,0
15.08,66.12,313.04,mango,0
22.82,79.44,210.42,sugarcane,1
26.26,76.52,218.47,banana,1
19.1,49.4,55.39,mustard,1
19.91,57.88,117.27,soybean,0
33.79,79.36,207.77,sugarcane,1
13.36,60.83,38.35,onion,1
26.33,69.47,54.82,tomato,1
32.25,49.05,57.89,sorghum,1
30.1,49.9,85.42,sorghum,1
20.04,73.44,79.72,tomato,1
24.35,53.78,59.1,wheat,1
42.33,41.9,272.69,maize,0
21.19,73.29,45.53,tomato,1
22.42,45.45,82.65,cotton,1
24.01,36.78,278.48,millet,0
29.17,40.33,5.75,onion,0
6.25,68.09,133.1,cotton,0
18.65,27.79,120.8,millet,0
24.33,75.72,215.78,sugarcane,1
28.41,45.37,63.38,sorghum,1
18.08,106.61,241.73,banana,0
25.53,62.25,91.23,mango,1
32.92,35.69,14.79,wheat,0
21.55,32.14,52.65,soybean,0
21.2,43.63,45.11,mustard,1
40.43,42.57,77.83,onion,0
29.72,53.29,61.57,sorghum,1
45.45,55.57,92.15,banana,0
47.91,52.32,140.3,banana,0
46.7,61.58,118.2,rice,0
29.5,54.07,69.1,sorghum,1
35.09,78.34,188.77,sugarcane,1
9.03,48.93,301.64,maize,0
19.1,71.92,56.34,tomato,1
11.09,31.02,77.87,tomato,0
42.65,25.78,29.94,sunflower,0
49.81,18.5,7.63,millet,0
27.98,64.73,114.32,maize,1
11.82,78.74,179.99,maize,0
17.74,67.94,65.63,potato,1
11.12,33.17,112.93,rice,0
43.27,32.77,23.17,cotton,0
23.34,63.36,68.21,onion,1
29.53,44.95,60.77,millet,1
26.55,38.41,83.35,mango,0
44.48,64.49,72.91,banana,0
24.03,49.28,97.67,cotton,1
24.15,63.91,105.87,maize,1
18.43,72.42,78.79,potato,1
28.87,55.23,88.31,mango,1
20.67,55.41,36.75,onion,1
1.89,93.92,151.72,potato,0
6.83,63.46,117.18,wheat,0
46.81,36.17,29.31,cotton,0
21.16,50.87,49.7,wheat,1
19.15,64.72,130.93,maize,1
31.4,75.96,209.18,sugarcane,1
29.2,55.32,80.95,mango,1
6.33,76.3,132.47,soybean,0
33.86,42.55,2.66,tomato,0
14.82,69.17,120.73,cotton,0
26.17,47.76,58.81,sunflower,1
33.17,41.93,20.03,soybean,0
18.41,73.25,73.78,potato,1
10.51,102.75,275.73,sugarcane,0
31.89,54.29,77.05,cotton,1
14.45,78.25,136.64,cotton,0
14.3,59.55,40.49,onion,1
42.46,63.5,62.53,banana,0
18.87,68.22,41.86,tomato,1
29.59,51.4,76.06,groundnut,1
34.02,77.5,87.7,banana,0
16.3,67.02,92.61,potato,1
43.19,51.49,9.82,banana,0
26.91,54.79,91.13,cotton,1
6.4,76.19,123.84,onion,0
15.39,66.11,68.58,potato,1
25.89,61.06,112.87,maize,1
14.99,65.61,177.98,sunflower,0
26.68,48.15,89.28,sorghum,1
39.09,45.27,285.65,sorghum,0
35.37,34.21,0.0,mustard,0
30.83,53.72,54.25,sorghum,1
32.86,46.02,1.01,tomato,0
17.27,58.62,68.04,onion,1
23.12,72.11,206.42,rice,1
26.42,57.05,127.43,maize,1
43.63,24.31,8.21,millet,0
21.21,71.86,47.52,tomato,1
38.27,43.96,12.26,maize,0
30.88,54.57,62.73,sorghum,1
18.3,48.35,72.62,wheat,1
25.79,56.15,113.84,maize,1
20.0,22.04,151.99,groundnut,0
41.97,76.94,99.84,millet,0
19.22,69.64,82.03,potato,1
23.43,47.69,83.27,cotton,1
41.5,36.46,32.39,soybean,0
26.72,64.82,133.77,maize,1
41.91,23.89,17.57,sorghum,0
28.53,53.98,18.81,potato,0
8.05,84.12,281.95,sugarcane,0
21.77,79.38,54.08,rice,0
31.53,46.06,89.45,cotton,1
18.45,56.09,151.38,sorghum,0
42.84,76.6,279.97,sugarcane,0
31.05,47.5,81.56,cotton,1
32.62,46.21,58.1,sorghum,1
26.69,69.68,102.15,soybean,1
29.64,80.52,205.82,banana,1
40.81,35.07,0.21,groundnut,0
37.92,47.67,30.92,maize,0
22.75,68.42,57.38,tomato,1
29.15,54.68,81.27,cotton,1
15.03,72.64,81.64,potato,1
12.25,94.34,249.37,sugarcane,0
39.61,58.8,13.67,tomato,0
16.83,55.67,251.18,rice,0
15.55,73.16,63.45,potato,1
40.49,34.74,37.71,maize,0
24.56,57.14,79.81,groundnut,1
43.95,56.99,1.23,rice,0
39.84,36.22,8.14,mango,0
1.9,71.47,139.41,onion,0
34.43,93.85,271.61,sorghum,0
23.44,70.32,192.62,rice,1
31.52,50.15,76.78,sorghum,1
27.57,42.81,41.09,millet,1
20.76,47.42,55.04,wheat,1
39.88,41.21,4.26,mango,0
30.43,54.17,65.16,cotton,1
15.63,23.25,24.64,maize,0
13.43,91.54,266.63,banana,0
17.96,65.82,121.59,sorghum,0
42.69,39.5,1.75,groundnut,0
41.74,32.56,8.76,sorghum,0
49.96,50.71,146.64,rice,0
29.98,54.28,65.85,sunflower,1
27.65,47.05,76.93,sunflower,1
35.49,32.97,52.26,maize,0
28.19,59.9,93.43,groundnut,1
10.66,100.85,253.6,rice,0
10.79,44.52,47.28,mustard,1
21.81,71.87,174.19,sunflower,0
0.12,58.03,115.52,mustard,0
29.2,52.57,72.92,groundnut,1
20.32,69.54,50.77,tomato,1
31.92,50.91,85.38,cotton,1
7.67,86.82,45.42,maize,0
26.06,61.58,118.38,mango,1
42.12,67.13,263.54,potato,0
21.73,50.44,61.28,wheat,1
9.75,84.43,276.88,sunflower,0
28.9,84.01,209.3,banana,1
37.23,28.23,0.0,mustard,0
11.59,21.55,275.65,sugarcane,0
29.08,81.45,213.53,sugarcane,1
13.57,78.17,148.52,mango,0
5.59,76.12,157.42,soybean,0
16.74,74.38,95.13,potato,1
42.69,22.54,20.69,cotton,0
29.12,63.65,102.88,mango,1
10.41,94.64,290.77,sugarcane,0
23.48,45.75,93.58,cotton,1
39.21,60.27,77.14,tomato,0
26.6,80.05,187.52,sugarcane,1
20.6,46.11,89.07,sunflower,1
27.6,84.1,187.48,groundnut,0
26.48,79.64,185.0,sugarcane,1
20.55,49.08,41.05,wheat,1
15.16,67.83,98.23,potato,1
20.78,69.7,75.48,soybean,1
34.95,77.77,210.13,sugarcane,1
24.37,53.75,63.69,sunflower,1
8.45,64.3,149.73,cotton,0
28.51,54.45,84.88,groundnut,1
30.31,33.89,0.0,mustard,0
26.78,64.12,84.11,mango,1
29.34,53.75,73.78,sunflower,1
27.86,51.0,76.39,sorghum,1
15.37,60.1,265.73,tomato,0
40.24,56.5,245.11,sorghum,0
33.42,34.62,0.0,mustard,0
24.48,46.1,40.76,wheat,1
18.14,46.51,67.62,wheat,1
6.8,74.07,131.05,onion,0
34.75,35.03,9.92,onion,0
51.35,69.04,60.46,sugarcane,0
15.26,59.89,54.94,onion,1
39.1,83.06,312.95,wheat,0
34.57,40.61,8.41,onion,0
25.78,58.07,36.41,potato,0
15.17,53.13,66.96,wheat,1
32.37,41.29,2.03,tomato,0
31.74,47.34,69.75,sorghum,1
48.01,57.36,133.12,rice,0
9.91,85.42,150.93,potato,0
27.09,53.96,76.25,sunflower,1
24.76,80.36,265.96,rice,0
33.67,82.92,188.6,sugarcane,1
26.6,47.5,56.58,sorghum,1
23.68,60.02,39.45,onion,1
28.04,42.85,40.42,millet,1
28.69,55.92,105.68,mango,1
28.85,54.85,73.48,groundnut,1
38.57,32.95,13.55,wheat,0
27.89,58.01,114.85,mango,1
24.42,78.08,219.58,sugarcane,1
23.58,63.81,60.3,onion,1
28.27,81.57,285.62,potato,0
9.55,54.39,99.14,rice,0
36.88,41.97,30.25,groundnut,0
25.36,62.38,116.28,mango,1
22.45,61.09,128.98,maize,1
18.92,73.89,71.14,tomato,1
15.25,68.6,84.79,potato,1
22.78,56.83,66.19,groundnut,1
20.24,97.88,297.57,banana,0
23.92,49.21,82.0,cotton,1
10.69,87.77,130.98,soybean,0
32.88,50.85,58.05,sorghum,1
1.42,72.65,150.23,wheat,0
39.17,89.22,109.68,mango,0
29.8,58.3,64.81,groundnut,1
23.42,83.08,191.87,sugarcane,1
25.04,53.22,49.48,mango,0
0.87,87.0,122.78,potato,0
16.65,44.11,25.75,mustard,1
31.61,37.99,45.6,millet,1
38.33,84.5,25.23,rice,0
1.37,87.36,177.39,potato,0
32.16,74.31,48.16,onion,0
7.7,69.61,145.05,sunflower,0
34.82,75.95,218.0,rice,1
25.98,63.14,117.16,mango,1
21.95,65.75,106.44,soybean,1
35.22,35.22,9.06,onion,0
8.64,99.39,317.57,rice,0
29.45,89.3,245.92,mango,0
8.71,81.12,188.14,soybean,0
23.7,48.08,69.46,sunflower,1
29.75,54.01,75.59,groundnut,1
43.25,45.03,36.45,soybean,0
-1.38,70.05,156.0,mustard,0
25.77,58.29,135.78,maize,1
16.85,69.67,89.11,potato,1
29.13,37.2,299.8,wheat,0
14.2,74.16,151.26,groundnut,0
23.53,71.2,215.61,rice,1
28.73,51.68,77.79,sorghum,1
33.3,44.06,11.91,tomato,0
9.81,72.2,202.49,mango,0
10.03,81.93,188.7,mango,0
19.51,57.46,31.08,onion,1
21.89,69.1,69.5,tomato,1
37.04,20.02,9.54,wheat,0
8.39,80.13,103.27,sorghum,0
22.69,54.12,60.39,sunflower,1
41.44,31.48,30.26,groundnut,0
31.46,76.6,190.0,sugarcane,1
34.29,79.87,209.63,banana,1
27.12,57.57,68.09,groundnut,1
8.35,92.38,208.66,tomato,0
29.36,53.86,271.66,rice,0
5.66,86.89,294.27,rice,0
11.21,96.81,140.26,tomato,0
36.5,84.71,202.16,sugarcane,1
28.52,46.57,81.04,sunflower,1
21.74,50.78,98.38,cotton,1
24.11,42.92,347.46,mango,0
2.08,86.37,132.41,potato,0
6.5,92.11,176.75,soybean,0
11.88,78.55,222.1,maize,0
28.52,75.45,194.71,banana,1
42.59,30.83,318.01,onion,0
4.78,86.49,180.3,potato,0
33.25,57.54,256.05,groundnut,0
17.07,95.72,274.79,banana,0
22.95,60.48,35.43,onion,1
37.39,75.42,203.18,sugarcane,1
10.83,42.46,56.04,mustard,1
17.87,59.07,38.24,onion,1
26.45,99.24,297.66,sorghum,0
43.75,92.29,196.06,sugarcane,0
35.65,68.05,225.4,sorghum,0
26.33,59.88,24.94,potato,0
12.7,27.0,39.97,mango,0
18.89,64.54,39.38,onion,1
7.6,63.37,311.97,rice,0
29.05,72.21,188.78,rice,1
9.73,43.66,264.93,banana,0
24.61,63.77,93.6,mango,1
31.14,79.24,193.39,sugarcane,1
11.69,90.55,250.33,sugarcane,0
31.04,50.25,61.63,sorghum,1
25.65,69.98,95.21,soybean,1
7.45,64.76,178.59,wheat,0
8.94,37.71,6.89,sugarcane,0
42.75,83.93,82.32,mustard,0
47.65,24.55,21.7,sorghum,0
36.02,27.41,20.73,sunflower,0
17.42,45.32,35.38,mustard,1
25.87,53.89,79.9,groundnut,1
29.12,82.39,201.5,banana,1
19.73,73.86,242.63,millet,0
31.29,41.9,47.83,millet,1
24.11,69.51,89.45,soybean,1
17.0,59.13,64.84,onion,1
29.9,52.14,71.13,sorghum,1
5.73,79.05,141.15,wheat,0
27.54,35.68,42.01,millet,1
14.76,94.53,272.42,sugarcane,0
15.98,41.49,43.5,mustard,1
24.5,53.16,79.81,sunflower,1
34.08,75.77,206.58,banana,1
19.04,67.41,63.15,potato,1
31.33,34.91,48.94,soybean,0
5.45,59.71,121.35,wheat,0
38.05,30.82,43.19,maize,0
11.83,73.34,174.43,maize,0
27.96,52.06,85.51,sorghum,1
29.61,41.75,39.67,millet,1
22.45,81.29,209.98,sugarcane,1
41.5,27.48,234.66,rice,0
9.14,60.56,156.04,wheat,0
29.73,59.72,67.3,groundnut,1
29.02,58.8,81.0,mango,1
24.48,61.54,105.95,maize,1
20.02,45.48,53.04,sunflower,1
15.42,70.12,75.75,potato,1
32.37,25.71,268.13,potato,0
33.15,53.89,58.62,sorghum,1
17.03,67.73,81.83,potato,1
8.72,100.26,285.91,rice,0
42.22,52.89,127.17,banana,0
40.84,17.35,3.93,millet,0
24.05,54.78,62.88,wheat,1
35.57,39.64,6.19,onion,0
29.51,52.1,113.02,sugarcane,0
49.74,13.97,7.01,millet,0
22.19,45.78,84.13,cotton,1
39.14,52.84,10.1,tomato,0
9.97,98.79,175.47,tomato,0
21.37,99.31,225.06,sunflower,0
31.35,60.18,133.03,banana,0
13.49,64.84,92.15,millet,0
13.36,58.98,67.19,onion,1
26.01,62.89,103.47,mango,1
42.01,38.92,15.58,sorghum,0
23.0,69.65,72.39,soybean,1
29.24,56.4,73.15,groundnut,1
21.52,91.65,160.46,wheat,0
21.7,50.31,65.52,wheat,1
26.07,58.49,80.35,groundnut,1
21.01,45.82,79.5,sunflower,1
22.24,59.29,89.15,groundnut,1
36.89,81.07,182.59,sugarcane,1
31.49,84.56,184.55,banana,1
18.41,66.63,50.12,tomato,1
15.03,70.5,161.04,cotton,0
30.7,53.14,72.21,cotton,1
26.72,59.82,126.55,maize,1
46.0,29.9,2.83,millet,0
30.44,54.47,76.26,cotton,1
30.79,44.72,2.95,onion,0
30.5,79.43,200.02,rice,1
16.57,28.67,221.42,mustard,0
24.4,61.27,108.43,maize,1
34.91,76.14,205.11,banana,1
14.65,62.27,146.1,sunflower,0
10.62,91.1,103.65,tomato,0
15.03,58.98,49.82,onion,1
19.64,63.35,31.3,onion,1
13.63,72.13,187.25,cotton,0
35.92,39.41,3.21,onion,0
22.68,63.09,48.94,onion,1
37.18,78.99,219.19,sugarcane,1
23.47,38.17,134.17,tomato,0
9.05,67.25,151.0,groundnut,0
27.44,62.22,72.97,soybean,1
26.66,63.31,100.6,mango,1
25.71,51.14,88.96,sunflower,1
18.84,101.85,264.48,banana,0
25.94,60.67,95.45,soybean,1
17.79,58.24,163.67,millet,0
21.62,50.39,66.14,wheat,1
22.03,52.18,95.38,cotton,1
22.45,46.46,75.6,sunflower,1
22.37,52.91,62.71,wheat,1
7.35,68.8,227.16,onion,0
22.77,69.21,74.95,tomato,1
31.34,74.71,206.06,rice,1
6.94,70.52,156.97,sunflower,0
23.09,74.52,53.74,tomato,1
20.07,32.98,290.97,rice,0
40.81,43.68,16.18,maize,0
40.17,89.12,96.69,rice,0
6.74,88.53,138.78,potato,0
32.07,74.42,226.98,mango,0
25.97,41.11,63.41,millet,1
29.36,37.16,54.38,millet,1
30.38,83.41,193.47,banana,1
-0.56,70.71,81.09,mustard,0
17.52,92.86,348.88,sorghum,0
30.7,90.59,203.92,potato,0
14.54,98.74,277.94,rice,0
32.98,83.36,212.82,banana,1
25.33,35.38,49.33,millet,1
13.54,44.05,51.2,mustard,1
27.45,50.45,68.58,groundnut,1
6.71,103.62,285.69,sugarcane,0
5.66,94.6,36.29,cotton,0
32.82,38.08,64.31,millet,1
8.07,86.83,120.77,tomato,0
24.54,55.58,108.9,mango,1
41.07,82.39,9.51,mango,0
26.01,73.12,62.27,tomato,1
38.81,43.98,5.71,onion,0
18.98,55.77,166.53,millet,0
7.54,107.72,284.45,sugarcane,0
27.86,46.37,63.48,sunflower,1
33.05,52.18,152.56,potato,0
-1.03,71.04,129.22,onion,0
37.47,45.49,5.26,onion,0
12.01,87.33,176.88,mango,0
8.28,85.15,299.76,rice,0
46.24,64.03,28.61,sugarcane,0
26.76,58.65,98.84,mango,1
17.03,45.27,39.91,mustard,1
14.99,60.78,142.53,sunflower,0
5.29,81.53,123.7,onion,0
13.83,85.53,155.05,mango,0
22.78,48.54,77.36,cotton,1
19.48,74.4,55.11,tomato,1
42.47,32.9,57.3,mango,0
20.25,92.2,89.04,mango,0
29.55,69.59,109.69,soybean,1
36.53,47.01,59.95,mango,0
30.74,47.41,80.97,sorghum,1
24.81,49.69,73.59,wheat,1
11.86,98.17,230.36,sorghum,0
22.65,51.67,72.06,cotton,1
34.7,46.9,13.84,tomato,0
13.22,75.7,140.03,sunflower,0
36.33,96.22,299.57,tomato,0
23.14,76.41,180.11,sugarcane,1
39.83,33.14,21.41,sorghum,0
20.8,62.13,44.16,onion,1
24.63,52.92,76.49,groundnut,1
11.85,71.28,190.66,groundnut,0
3.6,90.83,162.95,potato,0
23.2,47.39,69.26,sunflower,1
37.93,32.69,55.57,maize,0
13.53,66.04,187.41,sorghum,0
44.65,40.63,22.89,groundnut,0
27.65,59.09,104.26,maize,1
31.51,48.57,84.63,cotton,1
6.1,63.57,165.38,cotton,0
4.74,95.9,132.8,potato,0
20.82,47.07,287.95,mango,0
30.27,77.72,197.8,sugarcane,1
34.75,72.81,186.96,onion,0
27.14,52.31,75.41,sunflower,1
11.54,92.79,160.99,tomato,0
25.51,69.53,87.62,soybean,1
46.63,51.66,137.44,banana,0
8.12,103.7,252.01,sugarcane,0
29.73,39.63,30.58,millet,1
40.28,24.4,29.11,cotton,0
16.95,60.27,37.68,onion,1
13.58,82.33,338.46,sugarcane,0
13.45,62.38,141.73,sorghum,0
23.09,45.4,75.78,cotton,1
26.55,39.39,277.88,sugarcane,0
29.71,77.83,185.05,banana,1
20.76,59.44,66.59,onion,1
17.91,51.93,72.76,wheat,1
28.07,65.53,108.1,soybean,1
24.87,44.95,26.27,banana,0
17.62,66.1,76.86,potato,1
22.48,61.38,42.76,onion,1
28.34,77.18,186.19,rice,1
37.09,20.53,24.32,sunflower,0
40.4,82.4,157.0,mustard,0
40.09,48.03,33.26,mango,0
15.42,66.77,60.03,potato,1
22.66,64.18,135.26,maize,1
31.18,45.75,81.86,cotton,1
20.88,61.42,136.74,maize,1
19.2,60.08,131.44,maize,1
28.53,55.23,106.46,mango,1
26.4,79.91,198.41,banana,1
18.41,59.23,32.29,onion,1
14.65,90.87,175.67,soybean,0
15.42,66.0,91.16,potato,1
26.56,50.82,54.63,sunflower,1
31.61,39.53,41.66,millet,1
35.52,41.86,9.02,groundnut,0
25.05,59.0,64.65,groundnut,1
32.84,22.15,34.13,sunflower,0
35.84,61.69,343.74,maize,0
6.52,97.71,19.46,sugarcane,0
15.53,103.61,315.75,banana,0
10.15,104.78,283.44,rice,0
26.11,60.62,108.97,maize,1
30.92,45.94,67.26,cotton,1
22.31,72.42,77.34,tomato,1
15.07,50.52,40.47,wheat,1
25.51,35.29,66.13,millet,1
18.34,60.91,55.51,onion,1
21.57,58.62,66.96,onion,1
6.8,75.49,159.51,cotton,0
22.98,59.48,61.02,groundnut,1
35.73,59.84,16.84,tomato,0
20.34,48.59,50.46,wheat,1
12.75,87.75,348.1,mustard,0
27.28,56.75,119.77,maize,1
26.38,88.08,246.53,potato,0
40.81,63.97,123.36,rice,0
34.01,44.68,30.03,millet,1
10.51,42.04,45.32,mustard,1
40.03,82.95,182.23,maize,0
26.6,60.31,100.52,soybean,1
17.6,71.35,64.73,potato,1
15.96,59.28,43.41,onion,1
25.22,33.84,261.39,soybean,0
23.46,53.11,67.1,groundnut,1
20.6,50.1,75.23,sunflower,1
29.47,57.2,119.74,mango,1
1.09,70.86,98.36,mustard,0
24.74,63.18,77.17,soybean,1
20.29,58.38,130.29,maize,1
39.14,15.75,0.0,mustard,0
29.59,46.06,89.83,cotton,1
25.35,35.7,59.1,millet,1
31.36,58.02,144.59,sorghum,0
15.19,69.29,67.75,potato,1
10.04,74.33,140.51,mango,0
14.83,56.06,44.15,onion,1
26.66,66.06,101.83,soybean,1
6.67,59.31,11.03,groundnut,0
43.3,43.3,26.78,mango,0
37.18,75.3,187.74,sugarcane,1
23.18,72.87,43.19,tomato,1
6.95,79.04,111.7,onion,0
1.76,94.42,168.07,potato,0
6.97,51.94,29.78,maize,0
27.81,27.93,202.35,millet,0
13.73,55.69,118.11,millet,0
10.8,47.33,221.44,groundnut,0
19.52,61.91,134.43,maize,0
26.6,28.96,12.97,tomato,0
29.61,71.12,197.39,rice,1
13.22,55.87,63.85,onion,1
8.39,88.74,295.37,rice,0
17.72,88.12,168.75,sorghum,0
24.92,59.26,69.39,groundnut,1
-0.23,87.85,120.16,onion,0
22.49,60.14,103.82,soybean,1
10.01,77.45,228.35,maize,0
8.85,95.79,130.76,tomato,0
35.45,59.73,336.6,sunflower,0
21.23,69.48,59.64,soybean,0
32.93,48.25,81.99,sorghum,1
23.55,52.26,74.75,cotton,1
25.53,51.27,84.35,sunflower,1
24.34,83.65,193.83,sugarcane,1
28.39,38.38,58.84,millet,1
44.97,29.71,41.69,tomato,0
31.43,43.27,25.92,potato,0
27.03,38.37,63.44,millet,1
13.57,58.8,64.04,onion,1
7.52,77.27,112.28,onion,0
24.48,55.06,85.69,groundnut,1
18.58,46.65,58.85,rice,0
14.98,64.75,62.75,onion,1
40.43,81.15,172.9,potato,0
8.89,45.43,11.05,mustard,0
30.76,75.98,196.26,sugarcane,1
26.22,76.3,187.78,rice,1
-0.98,56.26,140.45,mustard,0
12.26,70.43,161.61,sunflower,0
15.11,82.79,174.79,mango,0
31.62,75.4,198.1,banana,1
23.96,50.37,65.53,wheat,1
19.17,73.48,81.16,potato,1
29.19,60.96,93.53,soybean,1
26.75,57.0,107.78,mango,1
25.21,93.44,270.21,sunflower,0
18.74,66.37,53.32,tomato,1
37.36,33.24,153.19,rice,0
34.84,76.4,202.28,rice,1
23.88,62.5,106.6,maize,1
30.11,16.67,0.0,mustard,0
41.59,38.05,12.26,sorghum,0
26.65,54.52,76.91,cotton,1
14.98,62.06,37.02,onion,1
48.92,22.49,27.96,sorghum,0
50.79,56.04,44.94,sugarcane,0
20.29,79.29,215.15,rice,1
10.33,68.92,167.71,cotton,0
10.27,68.57,297.38,soybean,0
23.98,66.58,96.26,soybean,1
41.73,40.11,1.61,soybean,0
10.01,75.77,135.13,sunflower,0
28.79,60.22,336.8,potato,0
34.6,73.79,202.08,rice,1
13.56,43.49,67.36,mustard,0
24.95,62.69,108.51,maize,1
35.53,87.76,240.01,millet,0
21.82,47.55,75.27,cotton,1
14.62,75.06,191.02,cotton,0
42.73,84.29,145.72,groundnut,0
23.48,64.77,110.57,maize,1
13.98,77.11,196.74,groundnut,0
45.02,28.78,25.02,cotton,0
0.5,77.08,162.39,wheat,0
44.34,37.59,10.73,cotton,0
29.18,62.38,73.68,soybean,1
7.52,81.75,153.69,soybean,0
22.63,70.17,64.77,tomato,1
20.92,48.89,68.19,wheat,1
5.4,68.69,112.1,sunflower,0
40.73,38.53,24.99,maize,0
25.54,82.4,65.78,cotton,0
40.93,38.5,1.13,groundnut,0
33.93,30.99,9.82,wheat,0
26.56,78.04,195.82,banana,1
16.61,57.0,47.95,onion,1
28.98,48.79,85.11,sunflower,1
7.57,90.19,75.53,mango,0
31.39,97.28,332.99,onion,0
33.89,99.06,330.16,cotton,0
33.22,43.38,60.11,millet,1
38.22,30.94,4.92,onion,0
37.5,37.47,14.66,wheat,0
7.1,76.44,167.7,maize,0
28.06,56.43,71.3,groundnut,1
51.05,65.48,69.91,sugarcane,0
27.08,61.66,114.9,mango,1
2.34,78.87,110.89,wheat,0
24.04,58.06,102.61,maize,1
9.98,88.09,163.54,tomato,0
28.13,50.01,85.79,sunflower,1
33.02,37.55,53.37,millet,1
27.26,38.84,57.57,millet,1
14.33,45.47,20.65,mustard,1
23.79,67.8,83.33,soybean,1
8.55,41.23,299.44,onion,0
11.88,87.27,177.42,maize,0
42.83,64.02,227.95,onion,0
28.83,63.45,70.57,soybean,1
27.51,80.03,185.04,sugarcane,1
22.44,56.0,52.02,onion,1
33.42,20.22,0.0,mustard,0
33.19,30.04,9.37,onion,0
24.26,67.29,84.69,soybean,1
28.41,84.09,200.91,banana,1
23.16,48.93,44.56,wheat,1
17.09,73.12,96.76,potato,1
6.04,89.96,100.58,onion,0
7.18,80.22,203.75,soybean,0
28.13,59.8,83.47,groundnut,1
42.75,34.08,5.94,sorghum,0
42.23,41.1,19.1,mango,0
34.48,51.18,132.43,maize,0
42.98,35.21,57.08,mango,0
7.81,90.81,122.24,potato,0
30.51,77.95,185.87,banana,1
29.54,54.51,143.66,mustard,0
12.21,75.75,153.55,sunflower,0
28.69,75.45,188.65,banana,1
34.71,37.33,11.67,wheat,0
-1.09,88.03,112.6,onion,0
36.1,36.62,35.43,mango,0
15.14,108.53,273.46,banana,0
13.28,51.13,68.46,sugarcane,0
21.17,52.23,61.66,sunflower,1
36.22,62.54,279.51,soybean,0
16.93,79.39,160.16,sorghum,0
19.83,74.89,97.89,potato,1
18.63,83.51,244.42,groundnut,0
28.65,55.07,135.28,maize,1
24.14,54.78,63.35,sunflower,1
25.19,40.77,43.27,millet,1
28.04,76.75,183.62,banana,1
6.68,96.25,171.66,potato,0
18.74,51.75,148.23,millet,0
18.11,59.21,104.04,maize,1
26.04,72.96,185.09,rice,1
10.76,74.78,217.68,maize,0
15.16,63.24,52.9,onion,1
38.86,33.7,2.18,sunflower,0
33.37,26.45,19.52,wheat,0
12.73,60.08,192.72,cotton,0
29.89,78.35,205.88,banana,1
15.18,37.62,159.04,potato,0
16.0,32.0,132.2,sunflower,0
36.21,78.29,213.64,sugarcane,1
36.76,86.78,331.54,potato,0
15.51,57.56,143.5,banana,0
21.66,66.34,81.11,soybean,1
41.95,54.63,155.53,banana,0
22.87,64.69,125.5,maize,1
40.3,31.82,14.93,groundnut,0
29.45,57.56,108.81,mango,1
24.23,45.4,76.41,sunflower,1
12.69,100.03,248.91,banana,0
14.1,58.72,58.9,onion,1
19.66,63.64,104.76,maize,1
48.98,35.05,22.19,sorghum,0
23.82,53.77,86.01,cotton,1
39.37,50.4,110.83,rice,0
11.09,45.71,33.1,mustard,1
26.28,59.78,116.87,maize,1
24.52,57.58,100.22,maize,1
26.53,62.92,115.01,maize,1
32.72,77.13,206.72,banana,1
16.08,70.47,75.02,potato,1
7.82,66.62,337.98,groundnut,0
29.03,54.45,66.6,cotton,1
16.9,91.63,263.31,sunflower,0
18.21,59.03,101.43,maize,1
31.56,99.92,209.98,mango,0
8.58,93.61,259.54,rice,0
23.29,55.63,126.2,maize,1
7.67,87.42,234.79,maize,0
6.77,76.49,131.77,wheat,0
29.38,54.67,54.56,sorghum,0
28.78,80.13,197.01,banana,1
14.71,58.26,157.29,millet,0
40.29,41.89,14.35,tomato,0
42.79,32.4,6.28,maize,0
17.43,47.03,65.87,wheat,1
39.23,33.45,349.25,tomato,0
25.98,39.95,33.32,millet,1
3.07,89.69,177.19,maize,0
33.81,82.3,198.11,banana,1
33.77,38.0,61.77,millet,1
27.58,43.13,37.12,millet,1
23.59,57.45,81.02,groundnut,1
13.2,73.16,132.28,sorghum,0
27.8,47.78,66.8,sorghum,1
6.65,109.49,270.11,sugarcane,0
23.74,64.13,92.12,soybean,1
29.69,65.76,85.06,soybean,1
43.62,53.12,64.36,maize,0
21.64,47.18,49.9,wheat,1
11.18,78.24,145.91,sorghum,0
40.02,37.87,54.91,maize,0
27.39,83.92,214.46,banana,1
38.58,32.26,0.0,mustard,0
33.91,79.5,197.86,banana,1
5.23,97.58,229.66,millet,0
26.4,52.29,85.9,cotton,1
36.7,72.16,53.24,rice,0
20.52,52.76,55.23,wheat,1
4.94,95.36,117.06,tomato,0
23.79,65.83,96.28,soybean,1
42.81,42.8,47.99,soybean,0
15.99,104.8,246.86,banana,0
7.61,61.7,175.02,sunflower,0
23.95,46.93,79.06,sunflower,1
22.75,79.17,207.38,sugarcane,1
26.26,71.95,54.09,tomato,1
20.64,70.84,41.12,tomato,1
33.14,49.17,68.93,sorghum,1
28.32,93.98,97.18,sunflower,0
15.09,101.99,293.79,banana,0
30.66,53.23,64.45,sorghum,1
23.94,75.85,215.91,rice,1
33.84,53.49,79.48,sorghum,1
39.29,39.88,215.73,groundnut,0
24.56,59.77,116.08,mango,1
21.4,68.74,86.73,soybean,1
18.11,90.64,347.27,mango,0
42.01,30.26,39.85,groundnut,0
26.31,79.4,207.09,rice,1
6.98,89.44,131.11,tomato,0
47.78,52.55,140.64,sugarcane,0
20.43,44.41,34.28,mustard,1
28.66,77.05,181.83,rice,1
13.88,107.68,250.31,banana,0
12.5,60.81,129.37,sunflower,0
33.77,38.72,63.18,millet,1
42.76,32.84,7.14,sorghum,0
16.39,48.52,21.83,mustard,1
22.74,69.99,100.85,soybean,1
20.24,45.86,57.47,sunflower,1
17.97,76.73,174.92,sorghum,0
8.51,104.16,291.64,rice,0
3.82,81.92,170.59,tomato,0
45.2,66.02,68.66,banana,0
35.34,95.17,323.72,wheat,0
24.16,81.36,183.25,sugarcane,1
19.04,68.8,49.84,tomato,1
18.83,47.19,37.15,mustard,1
27.44,45.19,81.47,sorghum,1
23.86,54.38,92.89,groundnut,1
-1.38,78.38,150.61,onion,0
43.87,43.71,51.35,mango,0
28.09,84.77,185.22,banana,1
24.6,56.99,85.39,groundnut,1
21.43,51.93,64.4,wheat,1
27.01,54.04,75.08,groundnut,1
35.42,39.34,2.76,onion,0
23.25,42.65,42.17,mustard,1
3.76,88.63,198.12,maize,0
5.39,62.13,185.12,sunflower,0
37.65,47.79,19.99,maize,0
21.13,81.17,233.79,mustard,0
20.4,47.02,62.01,sunflower,1
38.22,35.15,24.24,sunflower,0
13.98,64.32,124.21,millet,0
40.21,33.97,15.11,cotton,0
18.17,63.38,72.37,maize,0
35.88,57.94,202.2,tomato,0
14.77,105.18,276.12,sugarcane,0
40.64,53.42,59.17,groundnut,0
24.95,67.98,74.95,tomato,1
37.03,34.99,49.49,maize,0
12.72,44.4,24.84,mustard,1
27.08,35.53,34.51,millet,1
32.49,29.13,18.36,wheat,0
33.65,49.31,123.16,tomato,0
6.84,93.65,264.86,sugarcane,0
26.81,58.36,98.23,mango,1
44.3,32.7,29.42,mango,0
35.83,86.81,309.29,rice,0
26.84,51.3,84.83,sorghum,1
20.84,81.45,198.53,sugarcane,1
14.36,53.3,148.95,millet,0
26.3,79.05,203.36,rice,1
9.04,70.92,122.31,groundnut,0
11.04,28.29,340.07,potato,0
30.56,90.93,156.32,wheat,0
48.7,56.33,64.13,rice,0
7.29,82.76,232.39,potato,0
18.48,49.32,22.67,mustard,1
24.87,52.5,58.62,sunflower,1
37.96,24.41,0.65,wheat,0
18.92,69.4,141.32,cotton,0
44.26,55.23,24.61,sugarcane,0
37.53,26.12,17.21,cotton,0
6.16,89.7,283.0,rice,0
16.81,43.27,33.11,mustard,1
19.34,52.84,62.63,wheat,1
10.26,63.63,144.45,millet,0
27.2,58.96,79.07,groundnut,1
10.85,101.45,315.22,rice,0
12.4,76.41,177.33,sorghum,0
32.51,31.83,0.0,mustard,0
41.52,21.89,9.73,sorghum,0
23.24,56.13,73.5,groundnut,1
16.31,76.7,134.55,groundnut,0
15.33,63.99,99.04,millet,0
24.68,60.69,98.8,mango,1
43.47,87.73,188.21,soybean,0
19.9,46.4,52.58,wheat,1
27.69,59.15,86.53,groundnut,1
33.39,49.89,18.68,tomato,0
41.77,34.6,25.26,maize,0
39.65,51.81,309.18,tomato,0
15.51,55.05,53.72,onion,1
28.97,56.51,80.36,mango,1
28.7,52.55,85.08,groundnut,1
32.25,49.75,78.8,sorghum,1
15.66,67.57,98.26,potato,1
20.77,52.73,60.76,sunflower,1
38.85,30.29,0.0,mustard,0
15.4,49.79,19.53,mustard,0
21.74,54.8,63.35,wheat,1
27.54,64.49,94.1,mango,1
14.57,97.25,274.53,rice,0
29.94,76.74,217.41,sugarcane,1
43.79,21.02,4.03,sugarcane,0
19.49,52.7,201.7,sugarcane,0
28.29,56.67,99.35,mango,1
21.81,71.93,184.78,rice,1
28.34,82.7,203.55,banana,1
40.26,48.72,82.84,rice,0
31.88,52.96,81.99,sorghum,1
20.87,77.14,182.42,sorghum,0
6.16,100.45,309.19,rice,0
44.62,76.06,119.26,banana,0
42.43,34.63,92.3,potato,0
20.71,61.34,128.38,maize,1
-1.75,83.59,131.23,onion,0
26.49,43.44,66.46,millet,1
37.0,25.72,9.18,groundnut,0
2.95,71.41,137.28,onion,0
15.85,52.69,66.3,wheat,1
24.97,48.97,59.82,wheat,1
29.5,70.04,79.6,maize,0
43.74,90.87,73.23,sorghum,0
26.26,69.49,95.09,soybean,1
25.54,76.28,189.57,sugarcane,1
12.18,52.14,107.13,millet,0
20.63,47.21,45.84,wheat,1
48.55,46.99,109.71,rice,0
31.55,47.38,246.29,sugarcane,0
18.89,85.11,87.19,potato,0
26.44,70.56,201.27,rice,0
11.49,94.06,155.59,tomato,0
33.26,74.06,204.83,rice,1
29.37,69.1,100.18,soybean,1
24.64,53.84,72.88,sunflower,1
32.26,50.38,66.95,sorghum,1
26.92,44.87,69.07,millet,1
34.81,76.54,180.31,rice,1
33.08,52.75,55.9,sorghum,1
23.53,67.66,72.54,soybean,1
36.49,48.57,2.72,tomato,0
46.87,26.54,8.0,millet,0
22.79,50.98,76.79,sunflower,1
44.52,92.93,99.53,cotton,0
23.35,77.36,207.07,rice,1
21.79,47.3,168.36,sunflower,0
41.57,25.36,135.83,wheat,0
35.05,41.44,211.87,banana,0
28.73,45.97,76.29,cotton,1
17.99,69.16,95.34,potato,1
-1.97,75.7,137.03,onion,0
24.93,48.82,74.78,wheat,1
25.52,82.81,193.56,sugarcane,1
15.06,63.98,59.88,onion,1
43.15,26.05,9.71,cotton,0
16.77,60.03,114.95,sorghum,0
32.55,43.1,60.28,millet,1
33.23,33.78,7.61,onion,0
29.21,84.05,195.26,banana,1
24.11,79.74,202.13,rice,1
39.68,36.5,9.89,wheat,0
50.91,59.74,38.42,sugarcane,0
11.1,81.84,72.15,soybean,0
15.75,93.13,276.61,banana,0
30.89,51.79,82.67,sorghum,1
37.64,52.06,128.19,mango,0
25.22,43.95,16.33,potato,0
29.31,44.8,52.69,millet,1
30.19,74.04,186.6,rice,1
20.94,43.92,41.97,mustard,1
28.56,58.86,80.44,groundnut,1
22.2,55.94,67.99,onion,1
34.61,78.31,219.83,sugarcane,1
1.54,93.55,170.31,potato,0
26.38,45.77,51.8,sorghum,1
40.75,60.63,42.4,rice,0
8.98,74.95,132.67,groundnut,0
23.27,46.56,77.28,sunflower,1
32.96,34.77,8.29,onion,0
41.41,36.5,32.03,groundnut,0
18.77,66.63,62.16,potato,1
39.93,46.67,203.96,rice,0
20.13,49.57,42.31,wheat,1
5.99,36.26,3.65,sugarcane,0
24.25,58.13,326.98,sugarcane,0
40.7,34.67,32.24,mango,0
27.89,80.14,194.11,banana,1
20.75,83.98,200.57,sugarcane,1
0.97,72.55,149.62,onion,0
16.48,51.81,41.26,wheat,1
32.13,62.63,102.29,millet,0
18.8,52.38,126.01,millet,0
7.0,31.22,338.86,potato,0
40.77,40.0,27.51,groundnut,0
11.89,79.88,196.05,soybean,0
35.73,85.17,282.54,sorghum,0
29.28,61.64,98.6,soybean,1
21.62,50.25,52.55,wheat,1
40.01,26.22,39.57,cotton,0
27.01,54.9,38.07,sunflower,0
39.97,43.54,5.6,groundnut,0
19.23,71.05,50.28,tomato,1
19.35,49.21,59.37,wheat,1
22.29,81.07,212.66,sugarcane,1
42.23,39.12,27.54,sunflower,0
25.5,53.61,66.37,groundnut,1
33.06,53.35,6.39,tomato,0
28.7,61.13,100.47,maize,1
24.78,51.46,56.81,wheat,1
21.29,51.2,73.65,wheat,1
39.0,35.07,41.49,soybean,0
22.57,50.64,76.55,groundnut,1
32.5,40.24,10.92,tomato,0
32.84,84.66,181.47,banana,1
19.71,70.09,83.28,potato,1
31.69,41.84,51.57,millet,1
22.34,51.08,93.53,groundnut,1
37.91,80.87,219.61,sugarcane,1
45.3,50.9,146.54,sugarcane,0
14.94,64.8,107.96,millet,0
6.94,69.55,118.32,wheat,0
37.31,22.05,6.27,wheat,0
26.6,78.73,202.11,sugarcane,1
17.48,98.09,155.38,millet,0
42.3,10.72,2.6,millet,0
27.67,69.34,92.44,soybean,1
26.18,50.89,89.27,groundnut,1
0.78,73.66,116.15,wheat,0
8.17,79.64,183.75,groundnut,0
27.91,59.23,90.38,mango,1
22.4,71.15,57.95,tomato,1
23.52,70.75,61.07,tomato,1
40.08,45.52,21.72,mango,0
26.63,52.75,87.04,sunflower,1
29.49,50.1,66.26,sunflower,1
25.83,63.29,92.51,mango,1
28.47,47.42,74.36,sunflower,1
20.27,43.87,18.92,wheat,0
15.44,60.05,66.26,onion,1
31.5,46.05,180.76,soybean,0
18.35,78.41,177.81,mango,0
20.96,77.86,72.07,groundnut,0
23.27,65.29,41.48,tomato,1
31.91,77.44,212.35,banana,1
20.76,63.62,89.37,soybean,1
26.68,64.9,95.2,soybean,1
15.71,69.74,92.19,potato,1
28.26,87.33,59.76,tomato,0
25.61,62.08,107.68,soybean,1
30.32,39.92,0.19,onion,0
27.41,57.04,121.65,maize,1
29.98,78.37,217.93,banana,1
9.18,66.4,135.77,cotton,0
33.32,32.28,16.13,wheat,0
10.32,105.6,267.25,sugarcane,0
4.21,84.19,102.11,onion,0
22.97,52.25,67.52,wheat,1
14.21,84.74,202.01,mango,0
34.67,25.31,0.0,mustard,0
4.34,86.92,197.5,maize,0
23.5,58.7,98.83,groundnut,1
26.85,58.7,86.7,groundnut,1
18.82,49.65,51.86,mustard,1
25.09,51.57,92.82,cotton,1
46.68,21.5,23.01,cotton,0
22.2,76.67,314.19,groundnut,0
20.41,84.72,216.71,sugarcane,1
3.51,67.51,166.3,wheat,0
25.99,72.19,219.9,rice,1
13.93,50.84,264.6,banana,0
27.65,49.2,66.14,cotton,1
18.02,55.54,212.37,sorghum,0
15.81,70.6,73.12,potato,1
6.49,88.41,138.98,potato,0
37.76,24.74,16.21,wheat,0
28.09,53.95,95.42,groundnut,1
36.99,24.5,0.0,mustard,0
14.13,87.86,276.89,rice,0
18.54,45.93,63.92,wheat,1
14.18,84.75,144.13,mango,0
19.76,25.39,76.5,sorghum,0
10.63,30.93,240.1,onion,0
18.66,98.91,271.63,banana,0
30.27,78.43,211.04,rice,1
7.09,63.61,128.67,cotton,0
32.33,24.38,10.53,wheat,0
33.61,28.55,5.89,wheat,0
27.35,61.11,134.5,maize,1
37.04,30.48,2.09,onion,0
4.16,71.35,210.69,maize,0
22.61,41.8,45.17,mustard,1
23.84,91.71,146.33,banana,0
13.3,81.78,188.9,mango,0
7.74,70.49,322.33,rice,0
18.15,73.5,76.24,potato,1
26.08,53.06,87.75,sorghum,1
25.2,55.88,110.52,maize,1
11.2,67.63,178.32,sorghum,0
24.16,47.95,64.59,wheat,1
16.04,24.96,90.19,maize,0
39.92,35.9,20.99,groundnut,0
16.03,66.83,92.99,potato,1
29.17,59.01,126.25,maize,1
19.35,57.33,44.99,onion,1
24.86,42.22,37.96,mustard,1
29.4,57.87,61.2,groundnut,1
25.16,46.05,97.03,cotton,1
32.94,41.99,3.38,potato,0
18.26,60.05,104.93,maize,1
34.44,20.1,325.75,mustard,0
12.98,44.54,23.57,mustard,1
33.23,46.18,3.16,onion,0
26.88,94.19,8.41,banana,0
28.72,48.55,51.87,sorghum,1
7.77,87.37,271.11,potato,0
41.61,71.36,269.94,onion,0
25.64,43.17,34.57,millet,1
49.71,52.42,36.9,banana,0
9.59,73.85,163.69,mango,0
32.98,59.7,7.41,potato,0
48.35,25.0,8.23,millet,0
46.37,57.42,108.44,rice,0
25.5,38.84,33.44,millet,1
32.73,50.23,61.82,sorghum,1
15.69,54.34,41.27,wheat,1
12.71,81.06,150.69,soybean,0
39.78,28.74,200.41,sorghum,0
27.14,50.9,51.95,sorghum,1
27.51,55.05,128.34,groundnut,0
24.3,55.42,105.57,mango,1
28.14,51.29,87.58,groundnut,1
26.13,51.63,68.39,groundnut,1
29.27,52.26,98.95,cotton,1
20.02,45.14,44.02,mustard,1
15.76,74.03,63.54,potato,1
14.42,71.93,146.04,mango,0
11.22,86.82,159.0,mango,0
24.89,50.43,59.76,wheat,1
34.89,23.48,0.0,mustard,0
47.04,23.91,19.54,sorghum,0
28.59,53.77,93.71,groundnut,1
6.85,61.86,120.99,sunflower,0
30.92,76.55,202.68,banana,1
34.08,43.97,7.92,potato,0
27.51,41.17,65.6,millet,1
23.11,50.5,70.1,cotton,1
30.09,75.46,208.55,banana,1
26.27,36.43,40.84,millet,1
29.16,50.41,88.32,sorghum,1
27.37,66.16,106.37,soybean,1
16.95,63.06,168.13,sorghum,0
14.95,76.89,80.8,sunflower,0
18.72,34.71,148.38,maize,0
8.53,27.36,46.38,banana,0
14.47,91.34,262.03,sugarcane,0
28.45,55.25,81.17,mango,1
16.3,71.07,150.51,groundnut,0
12.46,97.19,156.51,tomato,0
15.71,64.19,53.68,onion,1
27.88,43.73,35.02,millet,1
27.35,79.87,180.0,sugarcane,1
25.0,62.21,106.79,mango,1
26.49,49.65,66.28,sorghum,1
10.92,68.43,330.49,sorghum,0
41.07,71.59,21.19,rice,0
27.59,64.01,107.13,mango,1
26.31,67.41,87.43,soybean,1
18.09,72.4,97.21,potato,1
35.08,36.78,6.89,onion,0
10.78,105.61,293.17,sugarcane,0
25.6,51.82,73.97,sunflower,1
5.34,72.0,154.03,wheat,0
22.83,63.14,94.1,soybean,1
30.08,39.64,55.06,millet,1
40.34,72.33,193.22,soybean,0
26.81,79.54,215.03,rice,1
12.45,43.8,28.75,mustard,1
1.57,62.03,116.44,wheat,0
19.64,65.28,46.34,tomato,1
26.48,43.02,27.73,potato,0
7.85,40.27,332.85,groundnut,0
39.0,87.24,267.21,potato,0
27.94,48.96,55.69,sunflower,1
38.05,36.05,12.0,wheat,0
40.98,72.35,77.79,wheat,0
29.03,83.28,210.45,banana,1
36.12,31.09,75.92,maize,0
29.79,43.46,41.29,millet,1
23.99,52.13,64.86,sunflower,1
21.74,73.65,40.58,tomato,1
7.23,77.27,168.1,onion,0
36.62,26.84,15.66,sunflower,0
36.54,80.54,281.93,maize,0
39.76,39.31,33.45,mango,0
35.99,83.5,209.07,sugarcane,1
7.85,91.15,175.17,wheat,0
21.03,54.94,60.69,cotton,1
18.59,67.4,65.45,potato,1
31.78,44.93,42.53,millet,1
10.98,84.45,61.81,maize,0
27.61,56.85,92.2,groundnut,1
34.97,53.21,36.93,maize,0
19.51,84.98,42.72,millet,0
11.04,40.06,33.6,mustard,1
6.62,91.03,287.55,sugarcane,0
29.56,66.61,83.9,soybean,1
26.11,46.12,50.64,sorghum,1
42.95,83.35,336.23,wheat,0
39.99,32.46,0.0,mustard,0
29.28,48.54,59.45,sunflower,1
44.06,24.08,4.92,sunflower,0
33.38,70.87,196.88,rice,1
31.02,50.33,73.82,sorghum,1
7.01,74.71,125.44,wheat,0
31.27,46.61,71.2,cotton,1
18.52,71.61,174.41,sorghum,0
41.23,36.16,95.45,millet,0
34.3,41.23,48.18,millet,1
41.54,80.31,109.22,tomato,0
14.64,61.2,124.89,millet,0
18.16,73.28,62.92,potato,1
20.05,78.27,190.5,sugarcane,1
22.69,71.01,47.29,tomato,1
21.96,45.94,72.55,cotton,1
17.07,49.83,59.05,wheat,1
23.3,70.71,205.24,rice,1
29.2,95.47,317.96,millet,0
7.42,80.45,150.53,groundnut,0
22.76,59.26,34.83,onion,1
26.37,48.56,84.62,cotton,1
8.31,74.2,130.11,cotton,0
5.52,77.13,141.58,wheat,0
28.47,82.06,206.51,banana,1
8.08,56.42,126.04,wheat,0
37.52,28.67,4.76,sunflower,0
30.17,55.2,275.6,soybean,0
8.96,80.35,239.47,maize,0
25.62,55.53,97.58,groundnut,1
5.42,63.51,103.04,wheat,0
25.47,50.8,18.34,potato,0
20.95,70.35,44.04,tomato,1
18.95,69.68,41.88,tomato,1
0.8,59.86,130.43,mustard,0
42.7,22.38,258.23,millet,0
19.81,68.11,62.14,potato,1
32.11,77.3,201.45,rice,1
5.48,49.13,178.01,soybean,0
0.68,93.85,173.63,potato,0
7.57,87.56,230.22,maize,0
9.34,62.64,168.87,wheat,0
33.06,77.63,211.75,sugarcane,1
36.25,75.8,203.1,sugarcane,1
22.2,51.04,80.07,sunflower,1
33.91,50.66,85.77,sorghum,1
32.92,32.74,307.35,banana,0
9.27,54.58,213.26,sugarcane,0
28.63,46.92,54.11,sorghum,1
6.52,70.27,169.17,wheat,0
44.53,37.81,3.25,sunflower,0
25.2,51.54,94.8,cotton,1
20.62,57.51,35.25,onion,1
20.64,50.92,61.83,wheat,1
36.46,60.61,7.12,rice,0
5.3,75.31,172.4,sunflower,0
14.99,59.46,58.12,onion,1
20.75,72.49,213.93,rice,1
31.01,52.9,57.64,sorghum,1
26.65,84.42,187.17,banana,1
20.32,59.86,113.13,maize,1
23.61,51.63,99.64,groundnut,1
27.76,54.09,63.57,sorghum,1
26.14,64.55,50.18,groundnut,0
21.02,48.47,84.21,cotton,1
12.27,21.26,348.38,sunflower,0
18.6,43.18,223.68,sunflower,0
40.82,26.39,262.75,onion,0
13.26,63.44,61.95,onion,1
36.98,25.9,1.84,sunflower,0
35.06,39.88,158.17,sorghum,0
15.01,55.42,131.98,maize,0
11.89,50.44,154.16,millet,0
22.73,55.07,79.12,groundnut,1
48.74,53.81,84.15,rice,0
37.69,30.95,0.0,mustard,0
47.67,52.17,113.72,sugarcane,0
33.74,71.81,203.41,rice,1
8.73,105.33,242.97,sugarcane,0
24.4,40.23,51.42,mustard,1
31.19,51.5,67.43,sorghum,1
41.29,46.86,54.19,mango,0
12.6,95.57,304.17,banana,0
41.84,97.95,54.38,wheat,0
14.25,57.68,52.1,onion,1
38.55,44.67,19.79,groundnut,0
20.6,65.94,15.65,sugarcane,0
10.85,100.11,287.47,sugarcane,0
29.46,76.32,183.96,banana,1
10.66,69.2,150.49,millet,0
16.78,104.21,293.03,banana,0
10.35,74.77,118.21,sunflower,0
18.27,65.98,175.2,sorghum,0
20.5,54.29,56.28,wheat,1
22.16,69.3,94.6,soybean,1
16.87,48.26,58.3,wheat,1
6.17,85.91,242.98,rice,0
25.76,50.39,83.85,groundnut,1
25.82,58.2,103.29,maize,1
20.22,71.93,54.0,tomato,1
9.39,97.49,243.27,sugarcane,0
25.53,48.69,57.16,sunflower,1
34.71,78.94,110.78,cotton,0
33.08,27.95,9.78,wheat,0
32.51,80.36,218.6,banana,1
27.81,55.86,86.89,groundnut,1
43.25,32.93,32.94,groundnut,0
33.69,78.71,191.94,rice,1
6.95,76.3,122.61,sunflower,0
9.94,79.92,168.07,sunflower,0
5.97,96.79,33.67,cotton,0
18.83,76.73,181.33,potato,0
51.42,64.11,50.9,sugarcane,0
16.92,72.0,97.19,potato,1
31.08,51.62,97.32,cotton,1
23.3,67.47,109.85,soybean,1
19.09,58.64,100.42,maize,1
16.41,40.7,313.36,mango,0
18.19,49.16,45.97,wheat,1
45.26,55.28,126.6,sugarcane,0
37.91,37.96,24.36,maize,0
32.99,99.2,165.54,sunflower,0
23.36,68.28,80.5,soybean,1
10.92,67.6,111.91,wheat,0
14.37,73.64,137.45,sorghum,0
15.69,65.47,73.36,potato,1
28.99,58.31,83.15,mango,1
34.97,79.85,196.38,sugarcane,1
2.83,65.58,119.43,mustard,0
38.94,33.48,2.31,wheat,0
28.75,40.34,36.64,millet,1
11.54,66.02,126.85,cotton,0
25.9,54.27,57.87,sunflower,1
21.04,47.05,76.61,wheat,1
13.63,70.26,186.8,sunflower,0
10.24,80.93,195.62,groundnut,0
43.64,63.36,61.99,rice,0
37.31,37.33,6.15,sunflower,0
13.59,49.98,286.64,sugarcane,0
13.07,67.57,192.77,tomato,0
8.74,74.03,188.28,groundnut,0
19.47,49.01,63.09,rice,0
32.05,26.23,0.0,mustard,0
16.44,70.81,98.53,potato,1
24.43,66.9,36.57,onion,0
7.21,87.23,188.25,soybean,0
31.49,71.28,199.01,rice,1
26.15,65.53,63.5,tomato,1
20.14,83.09,202.63,sugarcane,1
6.23,101.08,273.56,sugarcane,0
28.39,56.13,98.83,groundnut,1
25.66,51.86,68.86,groundnut,1
16.79,83.68,153.93,mango,0
15.8,72.49,81.24,potato,1
34.0,44.84,35.88,potato,0
52.4,59.2,126.49,sugarcane,0
17.11,79.51,179.85,sorghum,0
19.23,74.32,70.72,tomato,1
48.6,11.41,8.93,millet,0
25.99,77.52,198.19,sugarcane,1
32.81,76.66,196.8,banana,1
27.6,54.94,51.64,sunflower,1
35.89,78.56,187.83,sugarcane,1
44.14,61.55,63.8,rice,0
27.36,78.73,202.96,rice,1
25.5,55.91,62.59,groundnut,1
36.22,45.36,19.92,maize,0
11.07,71.97,183.56,mango,0
35.01,81.74,203.28,sugarcane,1
12.53,72.38,145.22,groundnut,0
24.83,51.33,75.41,groundnut,1
10.04,103.91,243.47,rice,0
37.52,27.65,70.05,onion,0
29.29,68.88,89.15,soybean,1
28.54,81.4,212.8,sugarcane,1
25.93,66.74,88.14,soybean,1
35.42,77.43,93.95,sugarcane,0
43.15,23.59,18.53,sorghum,0
28.24,49.9,60.69,sunflower,1
28.4,56.32,91.77,groundnut,1
11.67,79.8,185.99,maize,0
25.69,77.52,213.28,rice,1
21.63,49.73,68.1,sunflower,1
28.19,79.96,197.42,banana,1
28.24,55.63,81.22,groundnut,1
21.81,45.38,50.37,sunflower,1
15.23,74.53,69.61,potato,1
29.5,77.7,180.53,banana,1
21.6,58.68,41.88,onion,1
30.4,84.15,195.52,banana,1
1.13,62.99,145.33,wheat,0
30.94,76.73,219.37,rice,1
20.76,62.83,137.97,maize,1
38.55,43.41,17.4,tomato,0
16.87,67.25,60.11,potato,1
33.72,82.93,212.57,banana,1
29.92,54.73,82.95,sorghum,1
32.1,37.71,33.47,millet,1
24.12,70.77,191.43,rice,1
13.43,96.27,306.02,rice,0
23.14,55.87,52.79,onion,1
41.07,30.12,2.21,sunflower,0
42.43,42.48,8.01,groundnut,0
15.01,66.59,127.61,millet,0
6.19,77.31,176.15,wheat,0
49.48,28.56,1.56,millet,0
31.32,83.17,188.14,banana,1
22.42,59.23,58.01,onion,1
19.1,43.26,46.5,mustard,1
11.02,78.1,137.24,mustard,0
30.31,45.28,71.29,cotton,1
5.49,86.77,146.65,onion,0
26.66,45.88,56.61,sunflower,1
3.19,70.99,202.8,maize,0
22.76,80.01,209.51,sugarcane,1
43.69,29.71,130.87,cotton,0
31.74,73.47,197.14,rice,1
28.54,62.41,117.41,maize,1
29.33,54.94,62.15,sorghum,1
34.98,41.14,62.28,mango,0
33.24,80.02,182.39,banana,1
33.37,76.13,208.77,rice,1
27.86,50.77,83.51,sunflower,1
30.97,16.59,0.0,mustard,0
29.08,24.5,166.68,mango,0
13.54,84.98,172.58,soybean,0
7.6,55.42,236.97,mustard,0
13.73,69.65,127.34,cotton,0
11.21,73.35,178.68,groundnut,0
17.94,39.26,190.97,maize,0
35.54,64.12,296.42,tomato,0
48.42,60.13,75.36,sugarcane,0
29.54,84.34,201.35,banana,1
24.5,74.61,40.48,tomato,1
24.53,53.06,96.57,groundnut,1
24.95,63.84,96.34,mango,1
-3.93,66.85,149.47,mustard,0
25.41,61.04,83.87,soybean,1
42.76,38.55,31.02,cotton,0
13.6,98.83,263.48,banana,0
28.01,39.19,52.31,millet,1
29.69,54.59,222.67,cotton,0
47.79,52.33,61.26,rice,0
18.08,61.59,42.81,onion,1
24.83,79.06,211.49,sugarcane,1
16.43,51.6,48.84,wheat,1
40.45,25.01,0.55,sunflower,0
31.48,24.7,0.0,mustard,0
42.12,62.38,78.31,banana,0
26.79,51.47,63.38,sorghum,1
23.75,48.92,78.68,sunflower,1
26.47,80.24,193.5,banana,1
26.81,40.27,31.32,millet,1
19.65,41.5,20.25,mustard,1
27.18,53.17,4.47,potato,0
10.55,82.84,158.61,tomato,0
28.89,60.49,81.44,mango,1
31.44,75.39,211.15,rice,1
2.18,83.03,145.42,potato,0
31.28,50.2,61.83,sorghum,1
9.17,65.48,120.99,groundnut,0
30.68,50.1,51.82,sorghum,1
28.13,77.48,182.29,rice,1
5.62,77.96,122.49,onion,0
5.9,100.12,259.4,sugarcane,0
25.7,46.47,86.21,cotton,1
27.55,65.27,90.06,soybean,1
29.33,52.69,59.81,sorghum,1
5.37,97.94,262.89,rice,0
30.82,53.42,76.28,sorghum,1
30.06,53.8,81.12,cotton,1
9.14,79.28,236.53,maize,0
38.57,36.9,298.53,mango,0
39.3,38.27,251.08,soybean,0
38.44,36.27,52.24,maize,0
24.33,71.24,207.55,rice,1
26.36,84.0,188.35,banana,1
22.32,50.87,96.49,cotton,1
12.52,49.0,27.04,mustard,1
23.6,51.78,73.69,cotton,1
30.69,92.12,66.88,soybean,0
25.05,67.03,99.31,soybean,1
13.76,73.16,196.91,groundnut,0
31.72,69.32,113.31,cotton,0
30.67,31.45,0.0,mustard,0
20.93,53.76,63.38,sunflower,1
27.0,47.98,79.47,sorghum,1
30.04,48.85,83.24,cotton,1
10.05,65.97,176.98,cotton,0
21.06,41.9,22.52,mustard,1
25.85,44.46,21.68,potato,0
10.66,88.52,180.33,maize,0
30.8,82.65,200.07,sugarcane,1
28.33,63.69,86.67,mango,1
32.22,45.26,8.15,onion,0
29.51,51.82,94.27,banana,0
24.4,82.81,193.45,sugarcane,1
15.45,73.41,99.72,potato,1
8.96,95.34,177.45,tomato,0
40.26,38.46,75.17,maize,0
26.38,64.5,119.58,mango,1
44.51,60.86,30.3,sugarcane,0
27.44,77.47,208.34,onion,0
32.66,39.71,67.9,millet,1
29.54,59.18,98.96,mango,1
27.85,64.25,99.74,soybean,1
18.19,47.35,39.65,mustard,1
-0.08,58.99,112.05,mustard,0
36.48,82.63,214.47,sugarcane,1
37.31,25.75,0.0,mustard,0
29.0,59.49,61.64,groundnut,1
14.76,60.73,62.89,onion,1
38.71,38.88,199.84,millet,0
18.0,53.16,54.73,wheat,1
24.0,50.67,61.96,sunflower,1
36.25,34.69,20.13,maize,0
22.12,68.71,46.83,tomato,1
34.09,31.08,18.51,wheat,0
42.66,50.72,42.62,soybean,0
24.99,51.77,77.63,groundnut,1
23.95,45.04,59.17,sunflower,1
25.98,65.43,81.82,soybean,1
31.66,47.09,57.84,sorghum,1
34.03,35.0,13.89,wheat,0
6.57,78.92,139.89,sunflower,0
18.06,59.64,56.34,onion,1
20.7,60.4,34.38,onion,1
36.18,33.62,8.03,wheat,0
37.71,20.59,16.14,wheat,0
18.87,72.6,77.2,potato,1
25.82,81.29,207.51,sunflower,0
26.54,70.29,193.45,rice,1
19.29,74.7,59.79,tomato,1
16.96,42.05,59.84,mustard,1
14.49,69.83,198.72,groundnut,0
27.78,54.11,89.84,cotton,1
30.01,75.09,191.18,sugarcane,1
35.26,37.94,61.2,maize,0
16.89,71.08,94.42,potato,1
41.79,38.7,29.04,mango,0
1.0,83.15,197.39,potato,0
29.79,78.58,209.61,banana,1
13.25,73.55,199.57,mango,0
9.83,83.02,133.21,soybean,0
36.54,46.11,38.78,soybean,0
47.42,55.52,119.31,rice,0
11.84,88.18,143.66,tomato,0
22.89,45.14,13.7,sorghum,0
25.01,79.81,189.68,sugarcane,1
14.05,63.73,67.71,onion,1
40.14,46.33,4.57,tomato,0
16.67,83.03,156.64,mango,0
7.08,68.2,178.48,sunflower,0
19.91,60.16,315.68,wheat,0
23.13,67.16,99.68,soybean,1
12.91,81.51,174.8,soybean,0
29.32,20.11,127.26,potato,0
29.77,61.08,86.19,mango,1
23.43,79.05,214.39,rice,1
20.62,56.13,44.35,onion,1
21.27,45.96,79.72,sunflower,1
13.41,73.75,113.32,soybean,0
31.08,38.15,11.81,onion,0
37.95,60.37,104.97,millet,0
35.04,45.31,0.98,maize,0
38.32,27.13,25.85,mustard,0
1.89,72.33,106.19,mustard,0
25.14,51.66,71.92,sunflower,1
6.98,91.26,188.21,soybean,0
13.15,64.97,65.62,onion,1
20.53,24.8,266.17,mustard,0
8.17,66.06,122.43,wheat,0
34.22,66.67,106.78,tomato,0
17.92,65.1,230.41,soybean,0
32.02,48.85,54.6,sorghum,1
25.43,79.88,217.12,sugarcane,1
16.14,74.21,91.91,potato,1
49.79,69.58,63.72,banana,0
28.48,64.44,70.69,soybean,1
5.56,81.17,144.74,potato,0
37.61,30.85,262.53,wheat,0
26.18,81.0,195.0,sugarcane,1
42.01,91.46,250.22,soybean,0
9.6,98.34,311.91,rice,0
14.23,109.03,302.05,sugarcane,0
13.03,40.81,27.73,mustard,1
28.05,59.29,82.67,mango,1
42.97,20.21,3.44,sorghum,0
31.38,45.08,74.27,cotton,1
28.89,51.65,56.06,sorghum,1
36.75,53.74,46.07,soybean,0
20.89,50.0,53.8,wheat,1
7.59,77.34,165.68,wheat,0
16.65,72.44,160.63,banana,0
42.05,24.8,24.28,sorghum,0
31.37,24.01,8.18,wheat,0
20.78,61.27,70.54,soybean,1
39.85,76.23,263.61,millet,0
32.43,81.28,197.92,banana,1
34.01,62.27,74.86,sunflower,0
25.43,47.54,13.41,potato,0
25.74,40.85,32.17,millet,1
15.48,70.14,66.72,potato,1
48.32,46.86,15.45,rice,0
23.34,51.0,67.73,groundnut,1
22.22,53.22,59.56,sunflower,1
18.88,45.85,76.05,wheat,1
42.43,49.67,45.87,soybean,0
15.48,70.37,65.28,potato,1
39.44,18.08,0.0,mustard,0
7.13,74.19,122.03,wheat,0
26.75,78.61,200.75,sugarcane,1
29.45,55.81,89.29,mango,1
26.52,47.6,72.8,sorghum,1
29.32,48.09,82.07,cotton,1
30.42,27.35,0.0,mustard,0
18.51,66.68,60.95,potato,1
26.88,60.04,95.6,mango,1
42.29,34.35,39.32,mango,0
24.85,63.58,85.63,mango,1
31.46,40.93,30.53,potato,0
44.8,80.21,168.4,tomato,0
23.27,56.8,85.4,groundnut,1
-0.74,63.59,100.3,mustard,0
32.82,44.51,9.07,potato,0
13.74,68.58,98.49,millet,0
29.83,46.36,61.49,sunflower,1
4.32,58.96,129.84,mustard,0
26.21,79.2,186.11,banana,1
6.91,96.57,182.54,potato,0
41.46,62.43,122.18,banana,0
38.38,17.09,0.0,mustard,0
31.05,84.05,190.68,sugarcane,1
16.73,67.94,79.44,potato,1
28.8,54.95,88.06,groundnut,1
-1.42,83.15,167.8,onion,0
38.54,31.62,41.92,mango,0
45.21,65.64,36.95,sugarcane,0
27.07,79.55,185.28,banana,1
40.84,55.98,283.44,rice,0
48.91,64.4,82.88,banana,0
10.14,74.83,184.85,mango,0
23.18,54.55,72.18,wheat,1
32.31,46.25,3.93,onion,0
13.28,73.45,170.11,mango,0
19.57,67.64,89.26,potato,1
24.1,54.3,76.73,sunflower,1
38.55,38.04,2.99,onion,0
29.75,55.07,83.13,groundnut,1
31.37,76.91,205.84,rice,1
23.11,76.04,172.2,maize,0
22.22,58.78,97.78,groundnut,1
28.06,53.27,66.59,cotton,1
15.86,56.56,43.99,onion,1
17.25,73.11,95.27,potato,1
30.25,77.96,185.75,banana,1
14.48,41.68,39.71,mustard,1
29.38,53.28,66.26,sunflower,1
14.94,57.7,126.56,millet,0
24.75,59.41,115.68,mango,1
39.34,80.84,109.14,cotton,0
20.78,69.12,103.66,soybean,1
19.53,60.92,105.39,maize,1
34.04,82.64,198.75,banana,1
30.94,43.94,38.67,millet,1
11.44,86.74,170.09,soybean,0
14.05,83.92,200.77,soybean,0
28.01,76.01,189.11,banana,1
29.51,85.0,94.47,cotton,0
10.55,62.83,136.67,millet,0
23.68,70.42,72.45,tomato,1
43.02,28.2,35.22,groundnut,0
36.56,46.7,31.21,soybean,0
7.92,81.31,183.96,soybean,0
23.78,54.2,62.65,groundnut,1
25.61,76.57,207.57,sugarcane,1
16.3,71.34,84.71,potato,1
17.55,59.59,40.15,onion,1
42.63,39.26,25.09,soybean,0
20.98,52.03,41.95,wheat,1
23.07,66.61,103.44,soybean,1
7.17,53.74,44.23,banana,0
24.71,78.48,208.79,rice,1
28.62,36.71,156.88,sugarcane,0
39.89,34.4,0.78,groundnut,0
6.06,81.34,30.95,cotton,0
15.19,60.57,258.82,potato,0
20.09,57.78,245.99,sunflower,0
26.32,57.63,88.9,groundnut,1
24.96,53.56,77.24,cotton,1
25.35,23.52,302.02,wheat,0
31.72,42.7,50.8,millet,1
37.44,26.14,15.76,wheat,0
10.31,24.27,247.07,soybean,0
13.6,102.45,277.0,sugarcane,0
26.62,45.31,83.28,sorghum,1
41.8,48.34,32.89,mango,0
20.1,74.86,168.0,sorghum,0
14.45,100.35,301.13,rice,0
13.28,63.34,328.62,sorghum,0
49.68,57.01,56.26,rice,0
3.91,72.69,166.76,wheat,0
21.2,58.79,60.44,onion,1
37.15,82.16,212.44,mustard,0
24.12,67.41,103.37,soybean,1
34.31,81.1,196.99,banana,1
35.1,81.52,211.6,sugarcane,1
7.21,95.37,112.44,tomato,0
39.65,36.65,34.3,soybean,0
28.67,52.41,61.53,sunflower,1
11.76,103.37,258.65,sugarcane,0
29.81,49.46,64.77,sorghum,1
47.44,12.37,1.29,millet,0
1.37,75.47,160.25,wheat,0
44.47,53.18,112.53,sugarcane,0
23.0,48.85,72.77,cotton,1
29.51,72.64,199.54,rice,1
24.95,47.78,58.09,sunflower,1
38.5,29.01,25.77,groundnut,0
28.85,78.71,32.98,cotton,0
44.54,84.12,243.7,sorghum,0
40.96,49.62,21.99,mango,0
34.23,84.9,212.78,banana,1
25.74,55.39,81.38,mango,1
24.59,60.95,95.0,soybean,1
19.82,60.65,36.9,onion,1
5.09,74.13,106.3,onion,0
7.29,85.15,100.71,tomato,0
14.48,103.27,272.15,banana,0
26.97,58.98,115.92,mango,1
19.11,60.4,68.32,onion,1
40.93,33.93,18.18,cotton,0
25.59,72.59,342.96,mango,0
18.95,46.5,206.2,cotton,0
42.73,48.49,233.34,millet,0
34.14,45.68,9.5,tomato,0
15.53,46.96,55.32,mustard,1
48.95,26.05,9.39,millet,0
25.16,45.21,93.06,cotton,1
26.06,50.86,77.13,sorghum,1
7.45,86.15,140.59,potato,0
47.38,32.14,5.32,sorghum,0
34.42,38.27,8.14,wheat,0
29.75,60.16,103.8,soybean,1
24.52,59.03,113.98,maize,1
28.15,47.1,75.36,cotton,1
27.82,50.23,81.29,sorghum,1
43.75,45.56,148.93,rice,0
8.85,67.39,135.66,wheat,0
10.8,77.06,191.61,maize,0
13.46,90.01,290.8,rice,0
26.17,46.66,56.1,sorghum,1
12.78,93.67,280.82,mango,0
33.86,40.5,16.47,tomato,0
25.72,74.38,60.37,tomato,1
22.83,70.33,79.89,tomato,1
22.98,58.3,104.53,maize,1
28.69,80.09,219.35,banana,1
27.04,52.22,76.33,cotton,1
12.98,84.8,144.07,tomato,0
23.07,75.85,215.25,sugarcane,1
13.03,57.89,119.67,millet,0
29.21,69.5,106.43,soybean,1
21.45,52.61,69.11,sunflower,1
26.19,49.37,66.6,sorghum,1
22.75,52.58,95.17,groundnut,1
38.54,18.69,0.0,mustard,0
20.26,51.91,62.3,millet,0
28.36,51.05,86.77,sunflower,1
14.29,91.63,278.87,sugarcane,0
22.74,62.69,80.02,soybean,1
21.44,64.64,102.3,maize,1
26.07,49.63,87.45,sorghum,1
26.96,45.65,83.88,cotton,1
33.13,21.16,9.04,wheat,0
32.5,53.27,64.32,sorghum,1
22.77,48.82,21.71,mustard,1
17.69,66.84,62.45,potato,1
9.53,87.54,116.55,tomato,0
29.43,78.62,193.6,banana,1
5.7,77.64,253.43,groundnut,0
28.92,54.87,71.64,groundnut,1
19.86,45.85,45.61,mustard,1
40.91,39.13,59.91,maize,0
11.23,66.76,148.02,millet,0
18.67,78.58,139.97,sorghum,0
12.59,51.05,148.29,sorghum,0
29.69,49.5,67.96,sorghum,1
23.43,55.97,126.36,maize,1
37.68,59.8,12.54,tomato,0
50.05,69.39,71.99,sugarcane,0
23.61,48.43,74.6,sunflower,1
22.63,53.84,97.09,cotton,1
22.79,75.95,207.01,rice,1
14.73,69.45,123.61,cotton,0
20.87,58.89,41.04,onion,1
30.42,27.21,0.0,mustard,0
10.06,62.14,59.71,maize,0
11.23,87.77,100.35,tomato,0
36.33,40.47,126.74,sugarcane,0
17.76,97.62,315.76,banana,0
14.97,99.53,190.28,wheat,0
37.44,49.64,105.09,groundnut,0
13.37,95.81,209.21,potato,0
26.53,37.77,47.93,tomato,0
29.48,76.54,194.94,sugarcane,1
43.56,27.04,28.77,cotton,0
23.45,39.6,211.14,soybean,0
3.91,83.62,180.13,potato,0
25.71,46.82,92.46,cotton,1
30.55,20.34,126.73,sugarcane,0
29.89,52.53,66.23,cotton,1
5.08,96.3,134.83,potato,0
27.88,51.44,76.31,groundnut,1
42.36,47.93,31.56,rice,0
43.64,12.95,1.5,millet,0
41.69,29.4,9.23,sunflower,0
18.34,106.76,275.52,banana,0
29.39,57.92,84.39,mango,1
28.72,51.35,59.65,sunflower,1
35.4,45.82,2.98,onion,0
33.59,42.51,41.18,millet,1
26.49,60.25,138.28,maize,1
23.29,51.95,99.19,groundnut,1
9.54,90.62,189.16,soybean,0
52.51,55.36,154.12,sugarcane,0
20.1,63.24,48.14,onion,1
41.64,36.27,5.93,cotton,0
13.25,64.63,148.75,millet,0
30.37,20.56,127.74,sugarcane,0
38.39,22.64,133.89,sugarcane,0
41.36,21.56,21.75,sorghum,0
9.09,34.85,178.98,mango,0
5.47,89.89,175.93,maize,0
40.51,51.67,158.21,rice,0
32.41,41.04,66.41,millet,1
23.08,57.64,71.72,groundnut,1
39.94,34.1,13.1,mango,0
33.05,48.57,56.34,sorghum,1
31.01,48.34,60.02,sorghum,1
27.03,40.54,68.7,millet,1
22.13,62.19,48.1,onion,1
10.79,35.25,209.78,rice,0
28.28,56.52,117.45,mango,1
26.06,51.3,78.52,sorghum,1
-4.68,56.17,81.35,mustard,0
36.36,39.26,16.43,wheat,0
23.34,57.4,98.21,groundnut,1
43.51,42.52,99.86,onion,0
32.95,54.66,74.08,sorghum,1
29.64,50.91,61.61,sunflower,1
40.55,27.93,3.14,millet,0
47.95,21.17,6.9,millet,0
31.86,40.96,62.79,millet,1
12.1,95.88,174.46,sunflower,0
12.89,46.12,27.85,mustard,1
16.74,60.39,37.59,onion,1
28.28,57.02,87.97,mango,1
17.09,40.6,49.3,mustard,1
33.28,37.62,8.07,onion,0
20.37,45.59,85.01,sunflower,1
20.84,49.32,27.12,mustard,1
34.85,73.05,204.84,rice,1
15.25,46.05,56.64,wheat,1
28.83,59.51,89.57,mango,1
22.89,59.51,116.18,maize,1
24.99,65.01,42.98,tomato,1
7.84,65.89,93.54,onion,0
15.88,65.2,55.85,tomato,0
17.29,78.38,198.23,mango,0
23.73,72.64,69.53,tomato,1
34.4,76.23,201.42,sugarcane,1
11.25,73.39,140.76,cotton,0
8.4,27.65,46.73,wheat,0
36.83,24.25,24.01,sunflower,0
25.04,69.57,67.44,tomato,1
26.02,83.64,212.88,banana,1
19.24,69.7,67.11,potato,1
21.02,61.64,55.43,onion,1
31.26,51.43,93.03,cotton,1
20.31,73.17,67.32,tomato,1
42.64,33.58,12.9,cotton,0
28.04,79.39,184.61,rice,1
19.12,53.43,49.26,wheat,1
33.34,51.85,15.3,tomato,0
20.45,72.19,200.21,rice,1
20.22,49.83,63.13,sunflower,1
39.06,50.78,1.83,tomato,0
42.37,54.88,57.74,rice,0
28.17,72.2,203.57,rice,1
26.65,49.81,19.35,potato,0
31.71,25.84,1.64,wheat,0
24.64,52.41,74.46,cotton,1
12.69,69.46,171.01,sunflower,0
28.13,58.32,130.7,maize,1
21.45,45.52,89.79,cotton,1
30.08,72.7,181.61,rice,1
19.76,104.22,254.35,banana,0
27.01,64.9,121.95,maize,1
13.65,85.48,65.77,cotton,0
27.44,57.1,96.08,groundnut,1
14.44,88.8,169.78,mango,0
41.54,32.04,28.55,sorghum,0
28.48,58.76,60.63,groundnut,1
7.06,78.0,178.69,soybean,0
24.95,53.71,67.94,cotton,1
16.46,63.88,175.07,banana,0
24.41,68.21,52.99,tomato,1
30.17,40.23,54.4,millet,1
32.2,77.77,183.84,sugarcane,1
8.82,75.89,15.28,sorghum,0
29.84,51.47,67.79,cotton,1
24.98,56.59,96.01,mango,1
36.04,42.36,6.74,maize,0
32.48,85.8,67.76,soybean,0
8.92,70.6,161.63,groundnut,0
20.26,63.79,66.1,onion,1
11.12,75.5,162.78,mango,0
41.33,32.33,26.9,sorghum,0
17.48,68.52,112.63,millet,0
22.8,53.6,72.4,groundnut,1
12.77,51.27,117.62,millet,0
33.29,43.15,26.83,potato,0
29.49,47.58,78.93,cotton,1
22.59,65.3,47.81,tomato,1
41.53,31.53,43.68,mango,0
48.26,21.92,29.22,sorghum,0
27.57,76.82,195.15,banana,1
25.57,49.78,88.83,sunflower,1
22.12,42.9,57.68,mustard,1
20.12,59.11,33.75,onion,1
11.2,85.17,227.46,maize,0
27.94,53.47,76.65,sunflower,1
0.41,83.16,98.92,onion,0
29.3,48.24,65.02,sorghum,1
26.55,61.41,111.07,maize,1
26.6,61.76,116.24,mango,1
29.92,79.34,197.01,rice,1
34.99,78.36,218.76,rice,1
25.8,42.3,51.06,millet,1
18.14,56.98,47.35,onion,1
37.73,38.98,48.96,soybean,0
25.41,51.68,88.39,groundnut,1
25.98,34.76,336.44,onion,0
24.09,41.06,48.42,mustard,1
21.05,76.64,193.21,rice,1
16.6,61.87,55.59,onion,1
31.88,82.85,222.93,potato,0
8.6,88.64,180.62,maize,0
16.13,65.23,111.1,millet,0
28.84,58.44,107.68,mango,1
25.36,56.89,104.19,mango,1
27.1,53.49,67.56,sorghum,1
14.92,41.59,59.69,mustard,1
10.76,95.31,102.81,tomato,0
35.97,83.65,195.07,sugarcane,1
28.78,67.98,94.28,soybean,1
18.73,94.91,300.19,banana,0
37.82,65.53,14.22,soybean,0
25.45,58.18,101.42,mango,1
12.47,94.31,100.92,tomato,0
30.44,76.0,218.64,banana,1
43.16,27.87,2.06,cotton,0
30.0,58.43,33.95,wheat,0
30.99,36.22,68.31,millet,1
18.13,74.1,98.22,potato,1
17.84,66.47,74.45,potato,1
-4.7,73.4,92.57,mustard,0
25.91,54.35,38.3,potato,0
11.26,97.66,240.64,banana,0
24.27,46.84,49.57,mustard,1
16.54,107.76,319.71,banana,0
41.29,55.65,36.82,rice,0
20.43,63.04,73.73,soybean,0
33.61,51.02,66.34,sorghum,1
24.67,51.47,70.79,sunflower,1
18.09,48.77,53.92,mustard,1
16.38,47.07,53.0,wheat,1
16.91,86.41,287.6,mustard,0
21.06,72.38,206.76,rice,1
21.55,51.85,50.29,wheat,1
44.68,46.51,120.66,rice,0
9.55,73.86,151.13,cotton,0
41.08,50.0,5.38,tomato,0
43.48,37.42,25.23,maize,0
13.21,77.09,164.65,mango,0
22.16,47.75,44.45,mustard,1
32.76,51.22,61.3,sorghum,1
33.34,58.89,10.34,potato,0
19.28,65.7,89.49,potato,1
9.36,39.32,244.09,sunflower,0
23.97,51.55,99.71,groundnut,1
23.1,50.07,50.44,sunflower,1
9.41,21.33,161.3,cotton,0
22.84,48.93,63.55,sunflower,1
30.7,52.07,163.64,onion,0
17.78,65.44,62.01,potato,1
42.6,30.92,10.01,sorghum,0
17.55,77.7,137.07,sorghum,0
15.29,70.32,69.0,potato,1
28.68,63.94,119.26,mango,1
19.46,68.58,185.35,sorghum,0
30.35,50.74,168.39,tomato,0
8.24,90.47,257.52,millet,0
18.59,65.41,91.07,potato,1
42.57,97.38,209.38,millet,0
39.83,85.16,281.34,banana,0
22.79,67.73,79.29,soybean,1
17.96,73.02,184.12,sorghum,0
19.1,52.75,76.82,wheat,1
5.26,89.17,94.54,onion,0
18.03,97.67,263.37,banana,0
19.93,69.84,76.01,tomato,1
28.95,81.36,191.04,banana,1
40.23,43.8,9.4,groundnut,0
12.24,88.19,191.66,mango,0
24.13,43.25,44.74,mustard,1
21.1,68.9,67.15,tomato,1
26.1,58.99,110.79,mango,1
28.82,67.31,87.22,soybean,1
20.59,108.08,241.53,banana,0
20.44,45.12,55.32,sunflower,1
37.39,20.43,176.59,millet,0
18.32,52.56,45.6,wheat,1
21.5,49.29,85.86,sunflower,1
20.64,45.33,77.15,wheat,1
23.78,83.35,188.91,sugarcane,1
46.48,21.85,9.1,millet,0
43.58,40.55,42.63,soybean,0
14.03,85.92,303.69,rice,0
30.15,35.71,39.41,millet,1
45.06,32.47,8.03,cotton,0
43.86,21.53,18.11,sunflower,0
36.4,22.08,9.92,wheat,0
21.01,63.18,52.0,onion,1
20.03,75.18,184.07,sugarcane,1
14.1,61.4,41.98,onion,1
24.62,59.03,117.26,mango,1
35.05,43.82,349.76,wheat,0
6.33,86.85,116.1,onion,0
12.68,62.76,154.71,millet,0
22.39,46.91,88.89,sunflower,1
8.39,73.3,111.51,groundnut,0
21.01,48.74,64.02,sunflower,1
44.05,32.6,1.44,groundnut,0
0.15,81.93,136.85,onion,0
37.49,57.63,255.06,sunflower,0
20.61,65.1,64.2,tomato,1
18.31,59.4,38.44,onion,1
25.0,48.04,63.88,cotton,1
27.28,48.72,68.76,sunflower,1
25.21,63.05,92.12,soybean,1
10.72,88.46,137.01,tomato,0
22.6,57.08,86.72,groundnut,1
8.0,67.06,191.83,cotton,0
29.54,40.99,32.98,potato,0
10.74,86.24,165.06,soybean,0
35.42,31.47,9.91,onion,0
31.27,76.73,188.99,rice,1
0.46,67.33,123.07,mustard,0
31.46,48.43,60.45,sorghum,1
28.43,49.86,81.65,sorghum,1
27.18,62.9,76.46,soybean,1
42.21,58.17,222.39,mustard,0
13.36,41.94,45.13,mustard,1
18.75,65.66,60.39,potato,1
42.3,62.22,21.43,banana,0
9.88,73.44,97.41,sunflower,0
5.66,26.1,197.81,sunflower,0
36.82,35.79,50.95,maize,0
26.91,51.62,57.18,sorghum,1
20.12,42.63,58.81,mustard,1
13.74,74.91,173.55,sorghum,0
8.59,80.85,199.21,maize,0
19.19,100.34,262.76,banana,0
17.15,61.41,56.53,onion,1
37.3,74.77,99.64,maize,0
7.49,101.9,303.17,sugarcane,0
30.51,75.16,125.75,banana,0
37.32,93.82,24.42,sugarcane,0
29.21,45.45,84.48,sorghum,1
19.44,41.96,43.3,mustard,1
27.04,52.05,84.53,sorghum,1
11.97,48.77,55.32,mustard,1
39.75,35.87,3.32,groundnut,0
14.27,33.56,12.62,maize,0
42.89,39.35,18.73,soybean,0
44.16,64.01,123.21,soybean,0
41.91,20.44,2.94,cotton,0
18.57,42.61,30.16,mustard,1
27.72,78.12,181.63,banana,1
49.24,28.41,8.51,millet,0
14.92,59.0,235.97,mustard,0
28.55,63.84,70.75,soybean,1
8.37,71.69,13.7,rice,0
24.61,77.49,202.77,rice,1
23.19,60.85,136.97,maize,1
41.24,11.87,8.68,millet,0
13.17,70.17,308.06,sunflower,0
42.4,38.68,31.51,groundnut,0
37.01,22.65,2.92,wheat,0
31.4,47.46,72.19,sorghum,1
10.25,44.95,37.71,mustard,1
24.74,45.54,57.48,wheat,1
28.25,74.55,192.58,rice,1
-1.88,72.43,110.38,onion,0
28.27,41.45,32.46,millet,1
22.59,61.78,59.62,onion,1
43.71,44.64,24.2,soybean,0
32.41,49.13,66.37,sorghum,1
18.27,63.7,114.09,millet,0
30.14,75.48,194.47,sugarcane,1
29.66,75.02,210.56,sugarcane,1
11.99,49.31,34.32,mustard,1
20.18,73.39,60.76,tomato,1
18.55,51.47,41.77,wheat,1
28.37,58.97,111.04,mango,1
21.29,64.74,18.12,mango,0
31.58,45.21,61.52,sorghum,1
38.82,54.76,8.23,tomato,0
29.49,81.07,189.24,banana,1
8.17,86.02,145.34,potato,0
22.42,51.23,87.94,sunflower,1
3.38,72.79,114.94,mustard,0
22.67,49.63,95.41,cotton,1
26.59,55.41,104.15,mango,1
34.41,50.43,109.51,maize,0
11.08,93.02,273.44,banana,0
9.07,88.13,153.75,tomato,0
32.8,36.21,51.41,millet,1
46.49,22.91,8.54,cotton,0
26.96,49.91,67.29,sorghum,1
10.44,42.29,50.01,mustard,1
19.95,48.68,50.22,mustard,1
39.94,53.76,114.37,mango,0
46.62,62.53,98.89,rice,0
25.28,57.02,194.01,rice,0
27.26,59.93,88.33,mango,1
32.88,48.17,60.29,sorghum,1
28.82,38.16,51.21,millet,1
14.93,88.05,214.16,mango,0
23.57,72.37,50.48,tomato,1
30.27,20.61,245.42,mustard,0
28.83,60.61,106.28,mango,1
36.11,40.59,307.07,banana,0
43.6,29.13,37.87,groundnut,0
27.54,48.69,6.33,potato,0
28.83,49.27,72.73,sunflower,1
32.43,20.87,0.0,mustard,0
39.66,42.02,14.21,tomato,0
12.62,85.77,183.07,mango,0
9.23,97.7,127.12,potato,0
26.76,74.43,214.41,rice,1
29.56,47.22,50.79,sorghum,1
20.87,61.37,81.14,soybean,1
8.91,77.69,117.07,sunflower,0
32.92,49.0,187.05,millet,0
12.56,84.76,184.23,mango,0
19.46,74.6,74.37,potato,1
10.5,50.15,12.75,mustard,0
32.46,88.8,30.34,wheat,0
40.4,36.28,30.46,cotton,0
21.45,78.47,204.15,rice,1
33.1,80.23,195.48,banana,1
22.74,71.29,1.08,millet,0
41.96,10.66,6.6,millet,0
33.49,32.19,0.0,mustard,0
29.35,39.14,55.43,rice,0
27.22,58.75,90.22,mango,1
25.86,72.51,78.84,tomato,1
10.83,63.31,170.5,sunflower,0
25.18,55.46,98.7,mango,1
32.18,44.15,69.61,millet,1
8.89,62.0,167.1,cotton,0
7.47,80.18,233.61,wheat,0
31.23,75.63,203.97,sugarcane,1
28.67,56.42,95.71,mango,1
31.92,49.34,61.04,cotton,1
18.93,56.78,36.41,onion,1
17.28,72.06,86.84,potato,1
24.15,83.9,23.33,potato,0
30.2,77.07,191.67,banana,1
19.89,58.74,48.11,onion,1
8.25,77.53,136.65,groundnut,0
36.61,28.19,0.0,mustard,0
22.05,46.3,88.38,sunflower,1
9.29,71.34,227.82,mustard,0
44.96,53.12,123.11,cotton,0
19.79,47.02,61.54,wheat,1
25.11,51.82,80.24,cotton,1
28.11,61.89,107.94,mango,1
41.22,45.97,18.24,mango,0
23.38,70.56,110.99,banana,0
33.08,34.53,149.5,potato,0
22.29,60.03,111.59,maize,1
15.35,65.59,98.55,potato,1
43.75,21.11,26.55,sunflower,0
18.14,54.61,63.48,wheat,1
20.57,60.57,87.54,soybean,1
6.99,26.53,155.09,rice,0
16.47,73.11,65.63,potato,1
14.16,72.46,168.58,cotton,0
32.21,70.73,245.73,cotton,0
7.4,48.44,53.87,maize,0
18.59,69.78,61.76,potato,1
33.75,62.06,269.21,rice,0
22.72,54.73,80.86,cotton,1
9.64,84.57,317.87,soybean,0
26.95,50.76,63.73,groundnut,1
42.34,44.47,63.43,maize,0
23.28,54.19,83.66,groundnut,1
29.67,62.35,91.53,mango,1
0.53,93.35,141.18,potato,0
19.66,71.84,52.54,tomato,1
11.3,88.28,184.95,soybean,0
40.5,44.52,44.73,maize,0
16.39,55.41,48.18,onion,1
26.07,59.45,60.65,groundnut,1
20.51,68.82,43.5,tomato,1
39.79,40.64,6.7,tomato,0
37.02,43.14,64.31,maize,0
33.44,43.62,18.23,tomato,0
32.72,36.24,210.92,potato,0
23.54,78.0,180.2,sugarcane,1
40.8,39.81,116.92,sunflower,0
11.98,80.29,169.19,soybean,0
42.4,77.01,163.93,cotton,0
22.49,54.05,87.04,sunflower,1
9.88,95.21,287.68,potato,0
2.89,60.24,81.15,mustard,0
11.24,52.21,100.87,millet,0
-0.75,88.75,165.21,onion,0
8.91,74.55,324.18,banana,0
44.43,38.89,18.79,mango,0
21.6,91.75,164.81,sugarcane,0
28.84,45.48,76.04,sorghum,1
26.97,74.42,188.55,rice,1
18.41,67.64,68.04,potato,1
17.18,66.77,65.64,potato,1
5.73,64.71,123.91,wheat,0
5.24,65.26,178.0,wheat,0
44.1,34.27,9.7,mango,0
28.27,42.69,33.93,millet,1
20.01,61.86,136.89,maize,1
16.19,54.75,55.76,wheat,1
16.99,21.82,343.44,sunflower,0
-1.33,80.44,120.75,onion,0
13.23,51.11,95.66,millet,0
27.38,77.69,188.39,banana,1
25.7,68.29,97.24,soybean,1
41.91,27.24,7.82,millet,0
22.72,48.19,110.3,maize,0
36.48,37.86,206.13,wheat,0
44.34,27.38,318.75,mustard,0
6.3,32.28,157.47,rice,0
27.37,77.27,205.93,banana,1
35.91,56.05,14.43,tomato,0
38.53,70.92,64.94,sugarcane,0
28.04,55.91,93.91,groundnut,1
38.14,34.35,3.16,mango,0
38.42,22.6,0.0,mustard,0
17.17,46.54,49.4,mustard,1
6.04,70.25,174.94,sunflower,0
23.68,57.4,71.72,groundnut,1
29.01,54.04,60.12,sunflower,1
28.16,58.42,89.3,groundnut,1
35.11,68.74,7.15,sugarcane,0
20.44,52.91,54.38,wheat,1
25.98,50.93,84.13,sunflower,1
26.65,50.72,51.01,sorghum,1
0.92,80.98,198.09,potato,0
11.2,26.88,94.73,cotton,0
16.45,88.82,164.86,mango,0
41.54,16.0,6.41,millet,0
40.74,44.37,32.51,soybean,0
26.88,68.92,71.53,soybean,1
41.02,13.09,2.21,millet,0
19.02,57.1,129.66,maize,1
6.0,85.32,223.84,maize,0
42.45,34.63,20.52,sunflower,0
21.13,46.63,79.62,wheat,1
33.12,44.67,30.66,millet,1
44.31,62.65,116.4,rice,0
16.67,32.18,50.84,mango,0
21.29,98.8,149.79,millet,0
7.47,77.94,218.11,maize,0
25.76,70.96,40.13,tomato,1
22.71,58.92,89.91,groundnut,1
12.96,78.32,110.33,sorghum,0
20.23,65.75,45.1,tomato,1
25.64,61.27,90.89,soybean,1
21.16,57.68,33.65,onion,1
32.73,41.71,40.91,millet,1
28.91,61.84,133.06,maize,1
29.23,52.03,69.41,cotton,1
43.45,56.05,18.58,sugarcane,0
9.9,67.16,189.8,cotton,0
21.03,70.44,47.54,tomato,1
12.31,46.95,81.24,onion,0
18.48,61.49,104.13,maize,1
33.86,40.28,16.65,tomato,0
28.44,54.38,38.65,potato,0
30.6,36.02,51.7,millet,1
42.63,53.02,25.35,soybean,0
6.8,82.96,171.39,soybean,0
25.77,57.9,88.66,mango,1
28.86,52.03,89.99,cotton,1
1.36,77.03,170.35,wheat,0
28.87,62.85,116.19,mango,1
27.23,75.37,219.65,banana,1
4.73,62.48,154.6,mustard,0
20.09,91.82,272.04,banana,0
36.1,34.42,15.66,sunflower,0
24.58,47.32,56.2,wheat,1
18.87,61.07,195.28,sugarcane,0
26.71,57.12,136.23,maize,1
38.2,46.62,8.05,mango,0
38.22,37.09,17.94,soybean,0
28.1,75.9,216.45,banana,1
14.14,76.17,135.38,cotton,0
28.96,47.08,33.81,potato,0
17.6,65.78,78.48,potato,1
30.92,48.25,51.09,sorghum,1
22.09,63.25,132.66,maize,1
23.4,51.97,95.17,cotton,1
24.8,63.08,138.35,maize,1
26.05,64.72,78.42,soybean,1
24.37,55.6,67.12,groundnut,1
26.55,68.87,43.88,tomato,1
6.54,76.9,130.07,cotton,0
28.9,59.08,94.59,mango,1
29.14,61.61,117.07,mango,1
10.79,72.74,155.5,sunflower,0
27.36,66.72,72.96,soybean,1
37.12,26.14,0.0,mustard,0
31.55,71.07,197.01,rice,1
45.02,61.46,59.59,sugarcane,0
26.17,54.21,79.06,groundnut,1
44.09,74.57,217.28,mustard,0
42.43,27.63,33.8,cotton,0
24.84,51.77,55.98,wheat,1
42.73,18.39,9.12,millet,0
30.94,49.0,63.33,cotton,1
37.34,20.9,5.38,sunflower,0
25.09,49.99,78.97,sunflower,1
29.59,76.51,203.75,banana,1
49.17,51.2,104.97,rice,0
19.7,70.6,40.05,tomato,1
4.16,78.18,164.92,onion,0
27.88,57.53,94.91,mango,1
20.92,75.48,184.92,sugarcane,1
38.3,22.06,0.64,sunflower,0
43.69,85.52,66.45,maize,0
37.81,31.2,32.73,mango,0
10.11,86.89,112.7,tomato,0
20.29,52.28,48.91,wheat,1
19.3,57.04,57.19,onion,1
14.67,67.95,173.81,groundnut,0
32.79,44.08,34.55,potato,0
39.5,49.93,1.98,tomato,0
28.17,99.05,184.69,mustard,0
14.34,62.46,183.63,cotton,0
43.55,58.76,38.14,sugarcane,0
45.98,34.45,6.52,sorghum,0
19.77,67.85,62.19,tomato,1
6.41,63.65,6.93,groundnut,0
35.22,99.38,88.11,soybean,0
10.13,84.98,135.22,groundnut,0
25.9,52.59,55.59,sunflower,1
44.97,79.84,25.32,banana,0
9.54,71.51,168.89,mango,0
26.99,50.59,57.7,sorghum,1
17.11,72.43,183.36,mango,0
18.05,67.22,67.33,potato,1
28.25,35.98,47.81,millet,1
22.32,53.47,66.34,sunflower,1
21.52,64.5,124.73,maize,1
35.07,94.18,34.9,cotton,0
43.35,53.28,45.03,onion,0
17.12,51.51,320.66,cotton,0
26.89,45.71,89.31,cotton,1
40.93,48.62,10.08,tomato,0
14.41,86.86,206.16,soybean,0
24.55,48.97,70.94,wheat,1
42.35,24.91,31.2,cotton,0
29.01,59.91,105.58,mango,1
8.15,94.2,262.24,soybean,0
18.0,53.1,44.6,wheat,1
14.66,101.34,304.1,rice,0
22.2,61.96,88.8,soybean,1
34.28,35.56,50.84,millet,1
25.48,68.29,69.94,tomato,1
8.59,63.34,112.58,wheat,0
29.56,21.33,293.05,soybean,0
17.01,51.02,72.96,groundnut,0
23.49,48.01,68.3,wheat,1
20.35,71.93,193.13,rice,1
48.17,62.69,148.88,rice,0
28.49,65.4,71.79,soybean,1
29.13,38.83,56.43,millet,1
29.66,62.56,105.0,mango,1
31.63,83.67,189.7,banana,1
8.2,104.79,302.39,sugarcane,0
22.43,53.05,63.44,sunflower,1
14.81,63.41,180.82,cotton,0
39.39,41.56,36.06,mango,0
29.67,53.52,81.78,sorghum,1
38.6,59.1,28.93,wheat,0
25.17,48.73,64.53,cotton,1
43.0,39.35,142.14,groundnut,0
6.79,78.18,192.2,soybean,0
18.69,73.93,64.94,tomato,1
24.7,49.23,56.72,sunflower,1
30.68,64.95,299.65,sorghum,0
42.99,24.81,1.52,sunflower,0
18.03,58.55,125.35,maize,1
12.09,81.58,151.77,groundnut,0
32.69,29.87,321.47,potato,0
24.3,69.06,75.83,tomato,1
3.71,89.45,166.85,potato,0
22.41,67.14,50.56,tomato,1
42.79,45.8,47.73,soybean,0
25.0,45.89,67.17,cotton,1
15.46,70.74,98.99,potato,1
23.68,50.43,66.74,sunflower,1
28.42,41.94,36.92,millet,1
11.17,67.2,113.66,sorghum,0
24.29,58.56,70.46,groundnut,1
49.34,59.33,86.85,banana,0
38.18,36.39,16.03,mango,0
27.43,41.49,30.57,millet,1
9.36,28.45,157.35,wheat,0
29.9,52.67,95.98,groundnut,1
23.66,51.91,294.03,onion,0
33.78,34.68,5.89,wheat,0
20.94,46.62,41.69,mustard,1
43.07,23.51,100.04,onion,0
17.37,87.63,90.82,tomato,0
26.22,56.3,211.9,rice,0
44.17,24.28,22.7,cotton,0
26.59,65.2,82.68,soybean,1
19.65,46.82,51.7,mustard,1
37.36,38.68,1.21,maize,0
24.24,61.23,128.03,maize,1
12.34,69.02,132.89,cotton,0
28.9,37.63,51.22,millet,1
40.81,31.98,5.4,sorghum,0
24.32,59.04,86.38,groundnut,1
46.05,57.85,144.77,banana,0
11.85,86.16,164.83,soybean,0
10.03,79.9,155.39,mango,0
44.25,58.7,41.55,mango,0
34.74,70.07,71.74,tomato,0
33.37,76.17,215.63,banana,1
39.49,42.52,9.18,tomato,0
33.58,53.24,51.68,sorghum,1
12.29,76.46,157.69,sunflower,0
24.27,82.22,322.05,sugarcane,0
33.31,31.27,301.12,potato,0
28.54,43.44,54.42,millet,1
23.29,48.18,39.03,mustard,1
30.37,33.86,5.92,onion,0
17.32,68.9,110.93,sorghum,0
28.8,78.09,199.34,banana,1
47.83,22.62,5.69,sorghum,0
10.57,71.28,120.88,cotton,0
17.61,88.54,332.42,potato,0
21.0,76.96,201.31,sugarcane,1
26.38,65.57,86.34,soybean,1
18.05,73.44,95.44,potato,1
35.51,42.5,13.1,tomato,0
32.93,52.07,72.88,sorghum,1
19.36,65.6,66.32,potato,1
24.93,60.48,90.71,soybean,1
16.06,66.32,89.97,potato,1
31.16,83.09,200.9,sugarcane,1
21.88,51.13,81.48,sunflower,1
16.4,20.4,72.5,soybean,0
25.03,53.45,98.08,cotton,1
33.94,55.26,236.84,mango,0
18.5,72.31,86.64,potato,1
28.17,55.9,64.99,groundnut,1
31.43,40.0,68.6,millet,1
25.8,50.34,72.09,sunflower,1
24.85,61.87,89.87,soybean,1
43.74,30.32,23.58,sorghum,0
27.46,62.57,109.41,mango,1
40.27,61.51,88.6,banana,0
18.28,50.2,44.65,wheat,1
42.51,75.69,47.36,maize,0
35.08,23.17,0.0,mustard,0
20.23,50.84,80.49,sunflower,1
6.66,96.84,154.78,potato,0
41.33,43.62,13.73,soybean,0
17.66,74.1,34.18,mustard,0
20.3,44.05,26.01,mustard,1
28.39,55.08,76.29,groundnut,1
19.59,47.57,47.45,wheat,1
16.69,67.39,65.36,potato,1
19.21,73.41,96.3,potato,1
6.37,70.67,162.2,cotton,0
23.28,50.32,68.35,wheat,1
22.18,47.53,23.94,mustard,1
28.58,59.19,124.36,maize,1
28.91,35.04,58.3,millet,1
23.33,56.24,110.11,maize,1
31.49,95.27,241.74,millet,0
21.54,61.34,111.92,maize,1
44.8,22.45,12.74,cotton,0
25.91,40.64,273.62,tomato,0
29.62,74.0,219.25,rice,1
21.39,50.97,64.45,wheat,1
27.38,75.49,205.14,sugarcane,1
19.61,56.34,32.26,onion,1
17.67,73.08,84.15,potato,1
28.04,55.87,90.98,groundnut,1
33.82,43.22,17.56,tomato,0
34.63,53.55,112.63,wheat,0
23.98,71.08,197.38,rice,1
33.98,27.67,0.0,mustard,0
32.93,77.9,182.94,sugarcane,1
31.95,78.13,198.26,sugarcane,1
6.59,107.71,279.77,sugarcane,0
17.61,54.35,63.17,wheat,1
7.38,78.71,144.29,sunflower,0
13.35,68.64,165.03,sunflower,0
15.61,78.27,334.25,banana,0
27.02,56.35,93.95,mango,1
42.15,88.7,50.05,banana,0
26.86,59.58,94.09,mango,1
28.47,45.68,63.26,sunflower,1
27.86,55.67,93.91,mango,1
12.21,26.46,116.42,wheat,0
30.29,36.21,5.62,wheat,0
43.41,82.29,93.07,mustard,0
39.32,65.29,251.07,potato,0
18.42,71.05,67.54,potato,1
20.4,71.99,206.0,rice,1
29.08,62.81,97.3,soybean,1
20.84,70.6,57.01,tomato,1
23.47,61.66,81.51,soybean,1
34.97,43.72,1.49,onion,0
26.46,57.36,101.79,mango,1
22.87,46.1,64.07,cotton,1
13.25,32.9,196.87,sorghum,0
27.66,59.64,103.23,mango,1
16.56,72.5,87.61,potato,1
11.64,82.98,156.17,groundnut,0
37.3,33.39,0.0,mustard,0
30.26,34.8,0.0,mustard,0
25.54,38.64,38.38,millet,1
4.9,72.54,121.12,onion,0
26.7,79.56,181.81,banana,1
-1.72,86.05,90.28,onion,0
34.88,44.74,7.91,onion,0
18.37,56.56,108.79,maize,1
30.29,59.22,165.71,soybean,0
20.49,49.71,61.5,wheat,1
13.13,71.9,199.04,groundnut,0
24.48,59.4,86.13,groundnut,1
23.71,49.48,63.36,sunflower,1
34.52,29.27,17.05,wheat,0
10.41,57.13,146.72,millet,0
39.19,39.58,16.81,cotton,0
9.2,70.43,135.78,tomato,0
38.75,18.46,0.0,mustard,0
15.33,68.87,66.49,potato,1
25.91,61.93,106.1,maize,1
32.65,80.17,208.44,banana,1
22.3,59.77,64.41,onion,1
9.32,25.11,345.93,wheat,0
27.1,53.3,96.77,cotton,1
37.94,22.83,29.07,sunflower,0
33.09,78.0,190.94,banana,1
31.98,45.47,269.99,groundnut,0
44.21,39.55,19.44,sorghum,0
23.94,46.67,68.76,sunflower,1
34.43,29.43,0.0,mustard,0
27.75,52.5,68.0,sunflower,1
22.75,24.45,42.63,cotton,0
18.91,66.16,60.09,tomato,1
40.73,61.51,48.19,banana,0
23.73,52.36,42.49,wheat,1
6.37,45.61,175.83,sorghum,0
19.72,66.33,95.25,potato,1
49.2,14.11,9.01,millet,0
5.08,90.97,173.67,tomato,0
17.9,47.88,68.57,wheat,1
34.37,98.67,222.06,cotton,0
7.09,93.03,148.21,tomato,0
24.19,65.48,50.86,tomato,1
27.19,59.01,86.61,mango,1
29.51,83.2,254.51,mango,0
5.96,69.44,125.7,sunflower,0
20.49,62.1,91.42,soybean,1
38.82,26.04,17.49,wheat,0
24.95,54.35,72.03,sunflower,1
22.38,75.83,266.71,maize,0
30.77,51.98,76.22,cotton,1
24.08,73.2,201.61,rice,1
27.82,61.96,94.33,soybean,1
25.19,44.07,54.73,millet,1
40.05,34.72,18.1,cotton,0
51.68,55.38,66.41,sugarcane,0
13.09,84.15,203.28,mango,0
20.88,41.8,37.87,mustard,1
7.39,96.92,23.42,groundnut,0
22.68,51.28,79.9,cotton,1
12.02,62.71,167.93,millet,0
18.73,51.54,186.82,potato,0
19.05,50.03,75.8,wheat,1
26.77,77.06,183.37,banana,1
41.61,47.82,0.67,tomato,0
37.73,49.86,256.54,millet,0
33.02,47.67,56.05,sorghum,1
24.5,73.09,196.34,rice,1
37.45,49.44,3.49,soybean,0
38.19,46.49,19.2,soybean,0
45.17,56.6,84.4,sugarcane,0
19.48,64.86,47.2,onion,1
38.05,37.62,29.13,cotton,0
17.01,33.6,230.17,wheat,0
13.25,68.51,170.21,sorghum,0
30.61,74.35,209.35,rice,1
18.88,56.78,110.08,maize,1
16.76,68.64,75.88,potato,1
18.21,54.47,48.03,wheat,1
32.8,76.22,198.38,sugarcane,1
20.04,47.89,72.63,wheat,1
13.62,61.7,177.44,sunflower,0
14.67,90.9,309.63,rice,0
31.96,81.43,219.84,banana,1
5.14,93.94,157.39,soybean,0
34.12,83.38,188.7,sugarcane,1
29.56,61.38,135.6,maize,1
46.98,64.07,17.57,sugarcane,0
8.26,23.77,282.73,sugarcane,0
29.18,54.01,66.41,cotton,1
14.5,106.23,261.41,sugarcane,0
27.86,62.43,116.37,maize,1
29.09,45.53,89.02,cotton,1
27.53,51.78,89.68,sorghum,1
18.62,58.89,125.44,maize,1
36.28,33.14,28.79,mango,0
29.54,73.65,194.81,rice,1
22.85,63.84,100.29,soybean,1
35.48,69.32,239.54,sugarcane,0
14.04,40.38,53.54,mustard,1
43.4,52.81,263.43,mustard,0
30.73,44.81,153.12,wheat,0
22.28,69.52,109.68,soybean,1
35.56,82.59,196.16,sugarcane,1
26.12,69.01,76.66,tomato,1
5.87,67.0,113.08,wheat,0
28.99,59.39,103.17,mango,1
30.95,36.45,6.07,onion,0
36.99,26.64,0.0,mustard,0
18.08,71.62,217.07,mango,0
29.14,77.4,217.9,rice,1
23.53,60.96,39.09,onion,1
7.75,88.78,144.86,soybean,0
9.05,95.02,113.09,tomato,0
12.4,85.03,6.91,sorghum,0
23.97,53.27,60.61,wheat,1
39.42,44.52,4.99,soybean,0
31.89,32.71,6.33,onion,0
22.28,64.63,44.06,onion,1
32.38,39.02,34.83,millet,1
12.37,79.52,315.33,banana,0
26.92,62.24,108.96,maize,1
9.96,78.58,190.84,soybean,0
17.79,49.74,26.86,mustard,1
31.74,37.5,4.01,wheat,0
48.22,52.52,97.66,sugarcane,0
27.02,54.69,91.26,cotton,1
51.93,56.07,20.73,sugarcane,0
15.24,42.11,49.6,mustard,1
36.46,78.86,196.67,sugarcane,1
25.27,56.77,136.06,maize,1
28.43,47.4,21.42,potato,0
21.13,66.97,46.45,tomato,1
36.74,84.14,217.91,sugarcane,1
28.74,35.37,38.08,millet,1
22.78,60.17,162.11,groundnut,0
44.16,61.57,120.55,sugarcane,0
24.5,78.92,311.37,maize,0
44.88,69.87,22.75,sugarcane,0
40.4,68.78,39.17,banana,0
20.24,73.58,45.03,tomato,1
25.71,70.06,194.07,rice,1
27.2,47.84,59.63,sunflower,1
19.12,27.55,323.03,tomato,0
12.96,49.47,162.48,wheat,0
26.22,70.25,12.36,groundnut,0
26.42,62.03,93.71,soybean,1
37.75,29.89,8.5,cotton,0
16.52,74.27,147.02,groundnut,0
12.14,98.58,116.04,sunflower,0
38.62,34.73,0.0,mustard,0
23.94,64.84,61.79,onion,1
6.43,78.14,197.02,cotton,0
37.63,46.65,15.41,tomato,0
30.55,49.94,72.07,sorghum,1
31.12,75.52,197.11,rice,1
41.92,45.09,249.29,sugarcane,0
26.66,46.54,64.95,cotton,1
20.34,67.5,102.52,soybean,1
9.94,82.33,210.36,mango,0
12.6,89.07,283.94,rice,0
41.48,29.6,35.61,groundnut,0
26.13,46.39,68.49,sunflower,1
42.32,93.37,111.12,maize,0
19.5,71.35,77.37,tomato,1
32.64,41.48,62.13,millet,1
19.56,44.41,57.98,mustard,1
12.8,41.74,22.8,mustard,1
37.9,31.63,4.39,groundnut,0
26.73,35.63,40.96,millet,1
23.02,64.59,73.99,soybean,1
21.99,59.71,61.66,onion,1
24.1,97.8,194.59,onion,0
41.42,23.48,6.48,sunflower,0
24.87,58.94,121.9,maize,1
11.1,67.16,154.38,sorghum,0
44.89,66.69,107.62,banana,0
29.06,37.12,56.15,millet,1
25.36,67.8,74.41,soybean,1
6.23,75.45,85.63,mango,0
31.99,51.67,55.16,sorghum,1
26.38,63.01,101.38,mango,1
29.61,51.86,72.53,sunflower,1
5.85,97.64,276.01,sugarcane,0
28.25,63.37,94.35,soybean,1
23.61,46.78,23.14,mustard,1
28.59,56.84,77.35,groundnut,1
38.69,30.83,6.23,onion,0
8.56,82.84,158.27,potato,0
25.33,58.17,105.52,mango,1
27.54,48.44,59.28,sorghum,1
35.21,19.77,0.0,mustard,0
24.59,52.25,93.05,groundnut,1
18.75,30.44,119.36,sugarcane,0
16.88,52.62,68.97,wheat,1
31.05,40.52,5.46,onion,0
27.11,81.97,211.73,sugarcane,1
10.04,87.75,128.09,tomato,0
8.4,100.75,261.37,rice,0
18.39,68.73,44.98,tomato,1
22.26,99.67,8.19,soybean,0
23.13,46.4,54.92,sunflower,1
23.4,73.56,61.13,tomato,1
26.93,37.23,263.02,onion,0
19.21,62.4,69.99,onion,1
30.58,77.09,218.87,banana,1
11.4,61.74,96.89,millet,0
20.57,43.72,40.57,mustard,1
14.94,52.04,172.45,sugarcane,0
29.24,25.76,47.83,sorghum,0
33.02,84.25,190.23,banana,1
10.88,99.4,173.91,tomato,0
17.46,57.64,124.5,millet,0
13.56,68.4,125.15,cotton,0
10.75,88.92,111.76,rice,0
42.67,95.9,121.74,millet,0
30.22,43.62,38.66,millet,1
15.87,77.52,134.0,cotton,0
23.22,68.9,92.55,soybean,1
26.85,78.01,206.7,rice,1
20.07,68.66,48.59,tomato,1
40.64,66.85,204.24,millet,0
37.02,39.71,7.9,maize,0
30.24,80.33,198.41,banana,1
16.07,60.42,66.55,onion,1
28.0,58.77,80.7,mango,1
38.11,38.54,4.91,cotton,0
18.79,50.53,42.24,wheat,1
45.38,18.91,6.72,millet,0
32.08,83.58,213.36,sugarcane,1
28.04,48.63,73.34,cotton,1
13.83,85.75,187.26,soybean,0
43.56,30.95,90.4,sunflower,0
29.12,58.81,132.88,maize,1
36.73,35.89,30.43,soybean,0
21.73,48.21,52.07,wheat,1
30.35,31.01,2.57,onion,0
11.8,104.19,264.63,banana,0
25.85,51.6,98.88,groundnut,1
46.45,28.1,0.35,millet,0
28.09,64.47,106.97,mango,1
22.73,72.12,211.91,rice,1
42.08,56.89,64.18,cotton,0
15.11,75.24,119.7,sorghum,0
32.64,89.03,253.08,sunflower,0
26.55,45.89,246.42,wheat,0
10.64,79.21,114.38,sunflower,0
29.67,52.84,84.5,sunflower,1
36.96,42.22,9.74,soybean,0
27.36,77.93,183.72,rice,1
29.96,54.15,68.41,groundnut,1
-0.54,74.88,112.68,mustard,0
35.47,38.58,8.37,onion,0
20.93,74.38,69.45,tomato,1
30.53,37.3,46.47,millet,1
37.47,59.86,1.37,tomato,0
40.7,27.28,12.08,cotton,0
31.12,35.88,63.06,millet,1
17.75,65.82,83.54,potato,1
18.86,74.01,85.43,potato,1
4.93,96.52,169.87,tomato,0
37.69,75.17,49.16,soybean,0
33.6,83.21,203.03,banana,1
22.24,78.49,192.77,sugarcane,1
8.01,81.4,120.97,tomato,0
31.58,33.72,16.53,wheat,0
23.49,74.86,73.37,tomato,1
2.87,80.11,167.2,onion,0
12.77,46.37,35.77,mustard,1
25.17,50.31,57.83,sunflower,1
32.02,50.86,69.72,sorghum,1
23.6,54.74,45.44,wheat,1
43.82,67.75,57.74,sugarcane,0
37.67,46.37,265.07,cotton,0
28.77,57.72,80.29,groundnut,1
31.52,37.73,40.81,millet,1
35.56,35.48,3.07,mango,0
25.6,82.62,202.88,sugarcane,1
17.61,44.64,197.15,soybean,0
22.53,57.55,65.61,groundnut,1
4.34,87.87,210.45,maize,0
22.14,44.28,22.33,mustard,1
33.44,77.1,190.54,banana,1
20.24,66.28,47.39,tomato,1
17.05,61.14,93.25,millet,0
17.46,74.86,98.01,potato,1
10.7,67.87,128.3,groundnut,0
43.61,95.43,69.46,soybean,0
8.07,98.99,263.19,sugarcane,0
24.27,74.59,52.93,tomato,1
28.33,50.67,81.48,groundnut,1
39.88,41.38,48.72,soybean,0
10.89,67.05,103.04,millet,0
15.43,47.11,74.72,wheat,1
24.79,24.82,209.67,mustard,0
8.08,85.45,142.62,potato,0
5.29,41.77,16.49,sugarcane,0
23.62,50.87,93.86,groundnut,1
9.97,64.46,185.25,sunflower,0
20.92,48.99,54.7,mustard,1
19.4,70.06,46.27,tomato,1
22.9,67.71,73.34,tomato,1
21.33,47.42,66.35,wheat,1
24.56,78.55,188.65,sugarcane,1
9.89,70.24,176.86,maize,0
36.65,43.46,1.11,tomato,0
19.8,72.93,80.59,potato,1
25.66,51.93,76.56,cotton,1
49.43,55.48,98.17,banana,0
26.0,49.17,72.47,sunflower,1
10.81,88.78,219.83,maize,0
7.75,82.38,154.83,potato,0
22.24,71.15,46.14,tomato,1
16.75,20.9,321.96,mango,0
28.05,49.21,78.98,sorghum,1
9.26,80.39,176.2,soybean,0
24.85,74.14,76.49,tomato,1
32.97,82.33,196.46,sugarcane,1
30.56,53.34,52.04,sorghum,1
34.05,36.54,43.6,millet,1
28.9,36.52,43.19,millet,1
6.94,95.96,194.6,potato,0
52.74,58.2,158.94,sugarcane,0
10.35,102.89,274.1,sugarcane,0
26.0,50.89,74.07,groundnut,1
24.26,73.61,66.37,tomato,1
17.11,71.77,74.25,potato,1
1.23,73.38,130.13,mustard,0
21.87,45.77,82.77,cotton,1
25.8,60.8,105.88,soybean,1
29.24,43.2,45.39,millet,1
28.63,83.29,185.95,banana,1
24.76,52.85,73.56,cotton,1
25.06,45.83,88.22,cotton,1
40.08,40.65,0.26,tomato,0
22.19,69.63,105.87,soybean,1
38.88,41.37,46.76,soybean,0
26.1,37.28,39.48,millet,1
1.88,89.36,128.92,potato,0
34.57,75.01,219.9,banana,1
24.59,63.26,131.67,maize,1
17.32,46.8,52.99,mustard,1
21.43,64.75,70.01,soybean,1
27.38,38.89,61.71,millet,1
19.03,106.23,282.52,banana,0
35.01,39.41,0.07,onion,0
34.4,78.26,215.45,sugarcane,1
34.79,80.75,191.74,banana,1
33.37,36.38,343.44,millet,0
13.79,59.65,65.48,onion,1
20.33,47.91,83.74,sunflower,1
16.96,74.57,84.88,potato,1
15.87,51.69,47.39,wheat,1
18.9,83.69,189.89,mango,0
10.13,76.41,176.31,cotton,0
30.22,21.29,18.05,wheat,0
27.39,77.38,209.67,sugarcane,1
7.42,82.02,160.53,maize,0
26.57,59.85,114.76,mango,1
20.97,79.05,217.98,sugarcane,1
37.3,55.53,17.77,tomato,0
19.78,71.62,82.81,potato,1
30.54,72.71,190.06,rice,1
13.3,72.83,170.76,sunflower,0
38.04,70.61,71.57,banana,0
8.83,69.58,107.02,wheat,0
40.49,65.56,277.3,sunflower,0
49.0,57.65,33.59,banana,0
15.74,50.04,70.58,wheat,1
41.3,48.29,1.93,mango,0
28.23,58.6,127.07,maize,1
36.62,37.71,23.69,groundnut,0
31.61,48.72,88.06,cotton,1
25.69,74.95,62.13,tomato,1
18.83,97.39,259.94,banana,0
18.72,67.27,92.68,potato,1
33.37,36.14,53.84,millet,1
43.34,32.78,23.14,cotton,0
8.91,84.68,104.6,tomato,0
30.8,52.74,75.51,cotton,1
20.46,58.44,55.81,onion,1
34.95,22.25,9.99,wheat,0
12.43,92.14,120.03,tomato,0
22.21,52.24,87.8,groundnut,1
16.34,79.76,297.19,sorghum,0
16.87,48.1,56.52,mustard,1
26.11,58.54,107.06,mango,1
20.24,61.67,72.92,soybean,1
26.75,58.62,91.38,mango,1
1.61,74.74,131.21,mustard,0
35.1,41.81,0.06,tomato,0
21.28,77.2,199.54,rice,1
38.71,47.47,8.27,onion,0
25.05,61.48,89.77,soybean,1
17.45,64.25,66.05,onion,1
27.91,62.74,80.17,mango,1
16.71,78.71,139.93,sorghum,0
22.2,55.43,63.78,groundnut,1
11.12,86.15,124.58,tomato,0
38.9,53.96,196.48,sunflower,0
9.01,34.85,8.94,onion,0
23.23,47.66,52.29,mustard,1
33.84,42.88,12.96,tomato,0
11.79,86.05,290.47,rice,0
32.82,77.56,192.27,banana,1
25.01,67.37,71.15,tomato,1
20.25,44.17,156.34,potato,0
27.32,61.77,93.94,mango,1
6.29,78.28,176.79,maize,0
29.18,52.48,87.94,cotton,1
29.89,51.18,88.96,sorghum,1
19.47,72.97,70.73,potato,1
0.12,89.29,184.36,potato,0
29.8,52.14,73.0,cotton,1
23.75,79.23,197.73,rice,1
43.24,37.92,38.31,groundnut,0
26.51,49.31,74.7,sorghum,1
6.01,62.32,278.82,potato,0
25.03,64.86,104.14,mango,1
13.64,93.36,317.01,rice,0
17.93,97.68,110.65,rice,0
12.93,58.74,73.49,onion,0
27.13,37.93,253.0,mustard,0
32.43,38.35,2.0,onion,0
35.06,40.51,32.27,groundnut,0
30.22,63.74,334.75,mustard,0
18.05,62.36,122.13,maize,1
31.0,33.14,5.33,wheat,0
33.83,37.2,158.04,rice,0
45.99,59.29,38.44,banana,0
-0.35,79.47,108.94,onion,0
33.71,52.62,76.47,sugarcane,0
23.03,63.99,120.46,maize,1
24.71,20.53,299.98,maize,0
39.15,35.65,24.73,groundnut,0
25.81,77.46,186.74,sugarcane,1
14.77,44.68,41.84,mustard,1
36.75,45.7,6.3,soybean,0
-1.85,72.3,119.2,mustard,0
6.0,71.26,130.32,onion,0
6.33,68.07,177.23,wheat,0
23.69,29.28,313.31,millet,0
9.06,62.14,122.7,sunflower,0
31.3,78.53,218.14,rice,1
22.76,66.88,64.34,tomato,1
46.74,54.55,89.33,banana,0
26.87,82.44,206.6,banana,1
39.74,29.09,0.0,mustard,0
31.23,44.27,54.57,millet,1
40.62,74.68,98.51,groundnut,0
15.65,66.69,65.39,potato,1
31.69,46.66,90.03,cotton,1
15.24,86.6,8.29,soybean,0
28.92,61.88,119.23,maize,1
20.71,64.26,81.32,soybean,1
29.86,82.16,181.64,sugarcane,1
14.1,79.38,136.22,groundnut,0
30.6,44.79,34.39,millet,1
40.89,17.36,9.47,millet,0
26.13,66.31,79.39,soybean,1
36.17,36.38,3.12,onion,0
30.23,75.37,190.67,rice,1
24.8,47.14,76.56,sunflower,1
4.55,69.76,146.56,wheat,0
22.11,49.92,63.39,cotton,1
22.33,76.33,205.09,sugarcane,1
39.51,32.97,50.61,maize,0
24.52,55.24,110.63,mango,1
7.49,90.23,192.94,potato,0
23.54,57.72,52.46,onion,1
20.16,34.84,6.55,maize,0
28.87,62.1,86.58,mango,1
25.37,51.85,94.81,cotton,1
36.62,80.11,210.56,sugarcane,1
39.68,29.63,38.13,cotton,0
30.77,50.54,61.63,sorghum,1
28.63,79.51,219.98,rice,1
32.62,53.94,51.28,sorghum,1
13.36,68.57,129.48,sorghum,0
16.13,53.09,56.77,wheat,1
20.55,69.64,153.25,sorghum,0
8.58,97.29,162.3,potato,0
6.33,77.67,102.78,onion,0
32.98,52.36,137.51,cotton,0
17.93,62.61,30.43,onion,1
22.07,45.09,60.23,wheat,1
39.47,32.64,6.28,groundnut,0
27.24,55.14,73.49,groundnut,1
25.93,60.84,86.13,soybean,1
25.93,40.06,61.96,millet,1
42.87,56.9,78.84,banana,0
8.17,70.19,226.57,maize,0
25.65,77.38,185.78,sugarcane,1
45.92,15.47,5.66,millet,0
12.05,43.31,52.36,mustard,1
21.29,67.23,74.16,soybean,1
29.85,46.43,94.82,cotton,1
24.69,64.54,88.12,mango,1
34.41,76.36,213.15,rice,1
45.56,24.2,7.55,millet,0
17.78,31.19,8.91,wheat,0
27.83,51.44,89.64,cotton,1
35.95,80.26,186.59,sugarcane,1
29.96,54.39,63.87,sorghum,1
49.39,59.45,37.81,sugarcane,0
26.36,46.56,86.27,cotton,1
26.31,57.48,115.91,maize,1
10.03,102.36,306.51,rice,0
24.72,80.37,185.34,sugarcane,1
18.35,61.43,232.38,cotton,0
39.71,33.56,0.0,mustard,0
0.31,72.24,141.94,onion,0
23.67,52.83,68.5,sunflower,1
38.25,40.0,28.47,soybean,0
12.53,45.79,21.91,mustard,1
26.21,62.57,105.61,maize,1
20.02,41.14,260.87,onion,0
17.81,71.98,97.95,potato,1
26.45,59.59,38.57,potato,0
40.28,35.94,9.04,sorghum,0
13.35,97.67,264.24,banana,0
33.47,84.82,195.22,sugarcane,1
19.54,73.48,72.71,tomato,1
40.94,28.73,7.66,sorghum,0
9.19,79.85,169.36,wheat,0
33.75,38.61,188.03,mango,0
25.72,42.35,49.56,millet,1
33.54,76.16,192.04,rice,1
8.38,95.07,285.91,sugarcane,0
41.54,24.35,33.02,cotton,0
29.68,66.11,75.17,soybean,1
25.12,70.07,39.01,soybean,0
19.22,64.78,47.99,onion,1
25.87,73.04,53.2,tomato,1
13.66,60.85,142.26,sunflower,0
30.91,49.02,19.87,potato,0
10.09,87.43,256.08,rice,0
4.3,73.68,110.25,onion,0
25.71,73.72,50.53,tomato,1
24.1,60.8,92.42,soybean,1
16.99,82.64,149.45,groundnut,0
15.98,65.1,65.06,potato,1
19.41,66.17,71.82,potato,1
32.24,44.47,2.18,potato,0
31.21,21.23,15.62,wheat,0
35.92,83.03,180.92,sugarcane,1
38.9,45.65,20.38,mango,0
